,slice_file_name,fsID,start,end,salience,fold,classID,class
9,100648-1-0-0.wav,100648,4.823402,5.471927,2,10,1,car_horn
10,100648-1-1-0.wav,100648,8.998279,10.052132,2,10,1,car_horn
11,100648-1-2-0.wav,100648,16.699509,17.104837,2,10,1,car_horn
12,100648-1-3-0.wav,100648,17.631764,19.253075,2,10,1,car_horn
13,100648-1-4-0.wav,100648,25.332994,27.197502000000004,2,10,1,car_horn
106,102305-6-0-0.wav,102305,0.0,2.6116099999999998,1,1,6,gun_shot
114,102853-8-0-0.wav,102853,0.0,4.0,2,7,8,siren
115,102853-8-0-1.wav,102853,0.5,4.5,2,7,8,siren
116,102853-8-0-2.wav,102853,1.0,5.0,2,7,8,siren
117,102853-8-0-3.wav,102853,1.5,5.5,2,7,8,siren
118,102853-8-0-4.wav,102853,2.0,6.0,2,7,8,siren
119,102853-8-0-5.wav,102853,2.5,6.5,2,7,8,siren
120,102853-8-0-6.wav,102853,3.0,7.0,2,7,8,siren
121,102853-8-1-0.wav,102853,27.214044,31.214044,2,7,8,siren
122,102857-5-0-0.wav,102857,0.0,4.0,1,10,5,engine_idling
123,102857-5-0-1.wav,102857,0.5,4.5,1,10,5,engine_idling
124,102857-5-0-10.wav,102857,5.0,9.0,1,10,5,engine_idling
125,102857-5-0-11.wav,102857,5.5,9.5,1,10,5,engine_idling
126,102857-5-0-12.wav,102857,6.0,10.0,1,10,5,engine_idling
127,102857-5-0-13.wav,102857,6.5,10.5,1,10,5,engine_idling
128,102857-5-0-14.wav,102857,7.0,11.0,1,10,5,engine_idling
129,102857-5-0-15.wav,102857,7.5,11.5,1,10,5,engine_idling
130,102857-5-0-16.wav,102857,8.0,12.0,1,10,5,engine_idling
131,102857-5-0-17.wav,102857,8.5,12.5,1,10,5,engine_idling
132,102857-5-0-18.wav,102857,9.0,13.0,1,10,5,engine_idling
133,102857-5-0-19.wav,102857,9.5,13.5,1,10,5,engine_idling
134,102857-5-0-2.wav,102857,1.0,5.0,1,10,5,engine_idling
135,102857-5-0-20.wav,102857,10.0,14.0,1,10,5,engine_idling
136,102857-5-0-21.wav,102857,10.5,14.5,1,10,5,engine_idling
137,102857-5-0-22.wav,102857,11.0,15.0,1,10,5,engine_idling
138,102857-5-0-23.wav,102857,11.5,15.5,1,10,5,engine_idling
139,102857-5-0-24.wav,102857,12.0,16.0,1,10,5,engine_idling
140,102857-5-0-25.wav,102857,12.5,16.5,1,10,5,engine_idling
141,102857-5-0-26.wav,102857,13.0,17.0,1,10,5,engine_idling
142,102857-5-0-27.wav,102857,13.5,17.5,1,10,5,engine_idling
143,102857-5-0-28.wav,102857,14.0,18.0,1,10,5,engine_idling
144,102857-5-0-29.wav,102857,14.5,18.5,1,10,5,engine_idling
145,102857-5-0-3.wav,102857,1.5,5.5,1,10,5,engine_idling
146,102857-5-0-30.wav,102857,15.0,19.0,1,10,5,engine_idling
147,102857-5-0-4.wav,102857,2.0,6.0,1,10,5,engine_idling
148,102857-5-0-5.wav,102857,2.5,6.5,1,10,5,engine_idling
149,102857-5-0-6.wav,102857,3.0,7.0,1,10,5,engine_idling
150,102857-5-0-7.wav,102857,3.5,7.5,1,10,5,engine_idling
151,102857-5-0-8.wav,102857,4.0,8.0,1,10,5,engine_idling
152,102857-5-0-9.wav,102857,4.5,8.5,1,10,5,engine_idling
153,102858-5-0-0.wav,102858,0.0,4.0,1,2,5,engine_idling
154,102858-5-0-1.wav,102858,0.5,4.5,1,2,5,engine_idling
155,102871-8-0-0.wav,102871,0.0,4.0,1,2,8,siren
156,102871-8-0-1.wav,102871,0.5,4.5,1,2,8,siren
157,102871-8-0-10.wav,102871,5.0,9.0,1,2,8,siren
158,102871-8-0-11.wav,102871,5.5,9.5,1,2,8,siren
159,102871-8-0-12.wav,102871,6.0,10.0,1,2,8,siren
160,102871-8-0-13.wav,102871,6.5,10.5,1,2,8,siren
161,102871-8-0-14.wav,102871,7.0,11.0,1,2,8,siren
162,102871-8-0-15.wav,102871,7.5,11.5,1,2,8,siren
163,102871-8-0-2.wav,102871,1.0,5.0,1,2,8,siren
164,102871-8-0-3.wav,102871,1.5,5.5,1,2,8,siren
165,102871-8-0-4.wav,102871,2.0,6.0,1,2,8,siren
166,102871-8-0-5.wav,102871,2.5,6.5,1,2,8,siren
167,102871-8-0-6.wav,102871,3.0,7.0,1,2,8,siren
168,102871-8-0-7.wav,102871,3.5,7.5,1,2,8,siren
169,102871-8-0-8.wav,102871,4.0,8.0,1,2,8,siren
170,102871-8-0-9.wav,102871,4.5,8.5,1,2,8,siren
217,103249-5-0-0.wav,103249,0.0,4.0,1,9,5,engine_idling
218,103249-5-0-1.wav,103249,0.5,4.5,1,9,5,engine_idling
219,103249-5-0-10.wav,103249,5.0,9.0,1,9,5,engine_idling
220,103249-5-0-11.wav,103249,5.5,9.5,1,9,5,engine_idling
221,103249-5-0-12.wav,103249,6.0,10.0,1,9,5,engine_idling
222,103249-5-0-13.wav,103249,6.5,10.5,1,9,5,engine_idling
223,103249-5-0-14.wav,103249,7.0,11.0,1,9,5,engine_idling
224,103249-5-0-15.wav,103249,7.5,11.5,1,9,5,engine_idling
225,103249-5-0-16.wav,103249,8.0,12.0,1,9,5,engine_idling
226,103249-5-0-17.wav,103249,8.5,12.5,1,9,5,engine_idling
227,103249-5-0-18.wav,103249,9.0,13.0,1,9,5,engine_idling
228,103249-5-0-19.wav,103249,9.5,13.5,1,9,5,engine_idling
229,103249-5-0-2.wav,103249,1.0,5.0,1,9,5,engine_idling
230,103249-5-0-3.wav,103249,1.5,5.5,1,9,5,engine_idling
231,103249-5-0-4.wav,103249,2.0,6.0,1,9,5,engine_idling
232,103249-5-0-5.wav,103249,2.5,6.5,1,9,5,engine_idling
233,103249-5-0-6.wav,103249,3.0,7.0,1,9,5,engine_idling
234,103249-5-0-7.wav,103249,3.5,7.5,1,9,5,engine_idling
235,103249-5-0-8.wav,103249,4.0,8.0,1,9,5,engine_idling
236,103249-5-0-9.wav,103249,4.5,8.5,1,9,5,engine_idling
237,103258-5-0-0.wav,103258,0.0,4.0,1,1,5,engine_idling
238,103258-5-0-1.wav,103258,0.5,4.5,1,1,5,engine_idling
239,103258-5-0-10.wav,103258,5.0,9.0,1,1,5,engine_idling
240,103258-5-0-11.wav,103258,5.5,9.5,1,1,5,engine_idling
241,103258-5-0-12.wav,103258,6.0,10.0,1,1,5,engine_idling
242,103258-5-0-13.wav,103258,6.5,10.5,1,1,5,engine_idling
243,103258-5-0-14.wav,103258,7.0,11.0,1,1,5,engine_idling
244,103258-5-0-15.wav,103258,7.5,11.5,1,1,5,engine_idling
245,103258-5-0-16.wav,103258,8.0,12.0,1,1,5,engine_idling
246,103258-5-0-17.wav,103258,8.5,12.5,1,1,5,engine_idling
247,103258-5-0-18.wav,103258,9.0,13.0,1,1,5,engine_idling
248,103258-5-0-19.wav,103258,9.5,13.5,1,1,5,engine_idling
249,103258-5-0-2.wav,103258,1.0,5.0,1,1,5,engine_idling
250,103258-5-0-3.wav,103258,1.5,5.5,1,1,5,engine_idling
251,103258-5-0-4.wav,103258,2.0,6.0,1,1,5,engine_idling
252,103258-5-0-5.wav,103258,2.5,6.5,1,1,5,engine_idling
253,103258-5-0-6.wav,103258,3.0,7.0,1,1,5,engine_idling
254,103258-5-0-7.wav,103258,3.5,7.5,1,1,5,engine_idling
255,103258-5-0-8.wav,103258,4.0,8.0,1,1,5,engine_idling
256,103258-5-0-9.wav,103258,4.5,8.5,1,1,5,engine_idling
259,103438-5-0-0.wav,103438,0.0,4.0,2,10,5,engine_idling
260,103438-5-0-1.wav,103438,0.5,4.5,2,10,5,engine_idling
261,103438-5-0-2.wav,103438,1.0,5.0,2,10,5,engine_idling
421,105289-8-0-0.wav,105289,26.315540000000002,30.315540000000002,2,7,8,siren
422,105289-8-0-1.wav,105289,26.815540000000002,30.815540000000002,2,7,8,siren
423,105289-8-0-2.wav,105289,27.315540000000002,31.315540000000002,2,7,8,siren
424,105289-8-0-3.wav,105289,27.815540000000002,31.815540000000002,2,7,8,siren
425,105289-8-0-4.wav,105289,28.315540000000002,32.315540000000006,2,7,8,siren
426,105289-8-0-5.wav,105289,28.815540000000002,32.815540000000006,2,7,8,siren
427,105289-8-1-0.wav,105289,40.426771,44.426771,1,7,8,siren
428,105289-8-1-1.wav,105289,40.926771,44.926771,1,7,8,siren
429,105289-8-1-2.wav,105289,41.426771,45.426771,1,7,8,siren
430,105289-8-1-3.wav,105289,41.926771,45.926771,1,7,8,siren
431,105289-8-1-4.wav,105289,42.426771,46.426771,1,7,8,siren
432,105289-8-2-0.wav,105289,53.012464,57.012464,2,7,8,siren
433,105289-8-2-1.wav,105289,53.512464,57.512464,2,7,8,siren
434,105289-8-2-2.wav,105289,54.012464,58.012464,2,7,8,siren
435,105289-8-2-3.wav,105289,54.512464,58.512464,2,7,8,siren
436,105289-8-2-4.wav,105289,55.012464,59.012464,2,7,8,siren
437,105289-8-2-5.wav,105289,55.512464,59.512464,2,7,8,siren
438,105289-8-2-6.wav,105289,56.012464,60.012464,2,7,8,siren
439,105289-8-2-7.wav,105289,56.512464,60.512464,2,7,8,siren
457,106014-5-0-0.wav,106014,4.4009540000000005,8.400953999999999,1,10,5,engine_idling
458,106014-5-0-1.wav,106014,4.9009540000000005,8.900953999999999,1,10,5,engine_idling
459,106014-5-0-2.wav,106014,5.4009540000000005,9.400953999999999,1,10,5,engine_idling
460,106014-5-0-3.wav,106014,5.9009540000000005,9.900953999999999,1,10,5,engine_idling
461,106014-5-0-4.wav,106014,6.4009540000000005,10.400953999999999,1,10,5,engine_idling
462,106015-5-0-0.wav,106015,3.484984,7.484984,1,2,5,engine_idling
463,106015-5-0-1.wav,106015,3.984984,7.984984,1,2,5,engine_idling
464,106015-5-0-10.wav,106015,8.484983999999999,12.484983999999999,1,2,5,engine_idling
465,106015-5-0-11.wav,106015,8.984983999999999,12.984983999999999,1,2,5,engine_idling
466,106015-5-0-12.wav,106015,9.484983999999999,13.484983999999999,1,2,5,engine_idling
467,106015-5-0-13.wav,106015,9.984983999999999,13.984983999999999,1,2,5,engine_idling
468,106015-5-0-14.wav,106015,10.484983999999999,14.484983999999999,1,2,5,engine_idling
469,106015-5-0-15.wav,106015,10.984983999999999,14.984983999999999,1,2,5,engine_idling
470,106015-5-0-16.wav,106015,11.484983999999999,15.484983999999999,1,2,5,engine_idling
471,106015-5-0-17.wav,106015,11.984983999999999,15.984983999999999,1,2,5,engine_idling
472,106015-5-0-18.wav,106015,12.484983999999999,16.484984,1,2,5,engine_idling
473,106015-5-0-19.wav,106015,12.984983999999999,16.984984,1,2,5,engine_idling
474,106015-5-0-2.wav,106015,4.484984,8.484983999999999,1,2,5,engine_idling
475,106015-5-0-20.wav,106015,13.484983999999999,17.484984,1,2,5,engine_idling
476,106015-5-0-3.wav,106015,4.984984,8.984983999999999,1,2,5,engine_idling
477,106015-5-0-4.wav,106015,5.484984,9.484983999999999,1,2,5,engine_idling
478,106015-5-0-5.wav,106015,5.984984,9.984983999999999,1,2,5,engine_idling
479,106015-5-0-6.wav,106015,6.484984,10.484983999999999,1,2,5,engine_idling
480,106015-5-0-7.wav,106015,6.984984,10.984983999999999,1,2,5,engine_idling
481,106015-5-0-8.wav,106015,7.484984,11.484983999999999,1,2,5,engine_idling
482,106015-5-0-9.wav,106015,7.984984,11.984983999999999,1,2,5,engine_idling
483,106486-5-0-0.wav,106486,0.0,4.0,1,6,5,engine_idling
484,106486-5-0-1.wav,106486,0.5,4.5,1,6,5,engine_idling
485,106486-5-0-2.wav,106486,1.0,5.0,1,6,5,engine_idling
486,106487-5-0-0.wav,106487,0.0,4.0,1,5,5,engine_idling
487,106487-5-0-1.wav,106487,0.5,4.5,1,5,5,engine_idling
488,106487-5-0-2.wav,106487,1.0,5.0,1,5,5,engine_idling
489,106905-5-0-0.wav,106905,55.008446,59.008446,2,8,5,engine_idling
490,106905-5-0-1.wav,106905,55.508446,59.508446,2,8,5,engine_idling
491,106905-5-0-2.wav,106905,56.008446,60.008446,2,8,5,engine_idling
492,106905-8-0-0.wav,106905,43.636489000000005,47.636489000000005,2,1,8,siren
493,106905-8-0-1.wav,106905,44.136489000000005,48.136489000000005,2,1,8,siren
494,106905-8-0-2.wav,106905,44.636489000000005,48.636489000000005,2,1,8,siren
495,106905-8-0-3.wav,106905,45.136489000000005,49.136489000000005,2,1,8,siren
496,106955-6-0-0.wav,106955,0.495575,1.6490310000000001,1,9,6,gun_shot
497,107090-1-0-0.wav,107090,25.500254,26.099176,2,8,1,car_horn
498,107090-1-1-0.wav,107090,29.715744,30.54502,2,8,1,car_horn
500,107228-5-0-0.wav,107228,3.134753,7.134753,1,3,5,engine_idling
501,107228-5-0-1.wav,107228,3.634753,7.634753,1,3,5,engine_idling
502,107228-5-0-2.wav,107228,4.134753,8.134753,1,3,5,engine_idling
503,107228-5-0-3.wav,107228,4.634753,8.634753,1,3,5,engine_idling
504,107228-5-0-4.wav,107228,5.134753,9.134753,1,3,5,engine_idling
505,107228-5-0-5.wav,107228,5.634753,9.634753,1,3,5,engine_idling
506,107228-5-0-6.wav,107228,6.134753,10.134753,1,3,5,engine_idling
507,107228-5-0-7.wav,107228,6.634753,10.634753,1,3,5,engine_idling
508,107357-8-0-0.wav,107357,0.0,4.0,2,7,8,siren
509,107357-8-0-1.wav,107357,0.5,4.5,2,7,8,siren
510,107357-8-0-2.wav,107357,1.0,5.0,2,7,8,siren
511,107357-8-0-3.wav,107357,1.5,5.5,2,7,8,siren
512,107357-8-0-4.wav,107357,2.0,6.0,2,7,8,siren
513,107357-8-0-5.wav,107357,2.5,6.5,2,7,8,siren
514,107357-8-0-6.wav,107357,3.0,7.0,2,7,8,siren
515,107357-8-0-7.wav,107357,3.5,7.5,2,7,8,siren
516,107357-8-0-8.wav,107357,4.0,8.0,2,7,8,siren
517,107357-8-1-0.wav,107357,159.017232,163.017232,2,7,8,siren
518,107357-8-1-1.wav,107357,159.517232,163.517232,2,7,8,siren
519,107357-8-1-10.wav,107357,164.017232,168.017232,2,7,8,siren
520,107357-8-1-11.wav,107357,164.517232,168.517232,2,7,8,siren
521,107357-8-1-12.wav,107357,165.017232,169.017232,2,7,8,siren
522,107357-8-1-13.wav,107357,165.517232,169.517232,2,7,8,siren
523,107357-8-1-14.wav,107357,166.017232,170.017232,2,7,8,siren
524,107357-8-1-15.wav,107357,166.517232,170.517232,2,7,8,siren
525,107357-8-1-16.wav,107357,167.017232,171.017232,2,7,8,siren
526,107357-8-1-17.wav,107357,167.517232,171.517232,2,7,8,siren
527,107357-8-1-18.wav,107357,168.017232,172.017232,2,7,8,siren
528,107357-8-1-2.wav,107357,160.017232,164.017232,2,7,8,siren
529,107357-8-1-3.wav,107357,160.517232,164.517232,2,7,8,siren
530,107357-8-1-4.wav,107357,161.017232,165.017232,2,7,8,siren
531,107357-8-1-5.wav,107357,161.517232,165.517232,2,7,8,siren
532,107357-8-1-6.wav,107357,162.017232,166.017232,2,7,8,siren
533,107357-8-1-7.wav,107357,162.517232,166.517232,2,7,8,siren
534,107357-8-1-8.wav,107357,163.017232,167.017232,2,7,8,siren
535,107357-8-1-9.wav,107357,163.517232,167.517232,2,7,8,siren
611,110622-6-0-0.wav,110622,0.0,1.501211,1,3,6,gun_shot
626,111048-6-0-0.wav,111048,0.0,1.3145790000000002,1,6,6,gun_shot
627,111386-5-0-0.wav,111386,2.784895,6.784895,1,6,5,engine_idling
628,111386-5-0-1.wav,111386,3.2848949999999997,7.284895,1,6,5,engine_idling
629,111386-5-0-2.wav,111386,3.7848949999999997,7.784895,1,6,5,engine_idling
630,111386-5-0-3.wav,111386,4.284895,8.284895,1,6,5,engine_idling
631,111386-5-0-4.wav,111386,4.784895,8.784895,1,6,5,engine_idling
632,111386-5-0-5.wav,111386,5.284895,9.284895,1,6,5,engine_idling
633,111386-5-0-6.wav,111386,5.784895,9.784895,1,6,5,engine_idling
634,111386-5-0-7.wav,111386,6.284895,10.284895,1,6,5,engine_idling
635,111386-5-1-0.wav,111386,28.890258000000003,32.890258,1,6,5,engine_idling
636,111386-5-1-1.wav,111386,29.390258000000003,33.390258,1,6,5,engine_idling
637,111386-5-1-10.wav,111386,33.890258,37.890258,1,6,5,engine_idling
638,111386-5-1-11.wav,111386,34.390258,38.390258,1,6,5,engine_idling
639,111386-5-1-12.wav,111386,34.890258,38.890258,1,6,5,engine_idling
640,111386-5-1-13.wav,111386,35.390258,39.390258,1,6,5,engine_idling
641,111386-5-1-14.wav,111386,35.890258,39.890258,1,6,5,engine_idling
642,111386-5-1-2.wav,111386,29.890258000000003,33.890258,1,6,5,engine_idling
643,111386-5-1-3.wav,111386,30.390258000000003,34.390258,1,6,5,engine_idling
644,111386-5-1-4.wav,111386,30.890258000000003,34.890258,1,6,5,engine_idling
645,111386-5-1-5.wav,111386,31.390258000000003,35.390258,1,6,5,engine_idling
646,111386-5-1-6.wav,111386,31.890258000000003,35.890258,1,6,5,engine_idling
647,111386-5-1-7.wav,111386,32.390258,36.390258,1,6,5,engine_idling
648,111386-5-1-8.wav,111386,32.890258,36.890258,1,6,5,engine_idling
649,111386-5-1-9.wav,111386,33.390258,37.390258,1,6,5,engine_idling
650,111671-8-0-0.wav,111671,1.1977659999999999,5.1977660000000006,1,5,8,siren
651,111671-8-0-1.wav,111671,1.6977659999999999,5.6977660000000006,1,5,8,siren
652,111671-8-0-10.wav,111671,6.1977660000000006,10.197766,1,5,8,siren
653,111671-8-0-11.wav,111671,6.6977660000000006,10.697766,1,5,8,siren
654,111671-8-0-12.wav,111671,7.1977660000000006,11.197766,1,5,8,siren
655,111671-8-0-13.wav,111671,7.6977660000000006,11.697766,1,5,8,siren
656,111671-8-0-14.wav,111671,8.197766,12.197766,1,5,8,siren
657,111671-8-0-15.wav,111671,8.697766,12.697766,1,5,8,siren
658,111671-8-0-16.wav,111671,9.197766,13.197766,1,5,8,siren
659,111671-8-0-17.wav,111671,9.697766,13.697766,1,5,8,siren
660,111671-8-0-18.wav,111671,10.197766,14.197766,1,5,8,siren
661,111671-8-0-19.wav,111671,10.697766,14.697766,1,5,8,siren
662,111671-8-0-2.wav,111671,2.197766,6.1977660000000006,1,5,8,siren
663,111671-8-0-20.wav,111671,11.197766,15.197766,1,5,8,siren
664,111671-8-0-21.wav,111671,11.697766,15.697766,1,5,8,siren
665,111671-8-0-22.wav,111671,12.197766,16.197766,1,5,8,siren
666,111671-8-0-3.wav,111671,2.697766,6.6977660000000006,1,5,8,siren
667,111671-8-0-4.wav,111671,3.197766,7.1977660000000006,1,5,8,siren
668,111671-8-0-5.wav,111671,3.6977660000000006,7.6977660000000006,1,5,8,siren
669,111671-8-0-6.wav,111671,4.1977660000000006,8.197766,1,5,8,siren
670,111671-8-0-7.wav,111671,4.6977660000000006,8.697766,1,5,8,siren
671,111671-8-0-8.wav,111671,5.1977660000000006,9.197766,1,5,8,siren
672,111671-8-0-9.wav,111671,5.6977660000000006,9.697766,1,5,8,siren
673,112075-5-0-0.wav,112075,8.037355,12.037355,2,3,5,engine_idling
674,112075-5-0-1.wav,112075,8.537355,12.537355,2,3,5,engine_idling
675,112075-5-0-2.wav,112075,9.037355,13.037355,2,3,5,engine_idling
680,113160-8-0-0.wav,113160,0.1029,0.90369,1,4,8,siren
681,113201-5-0-0.wav,113201,0.0,4.0,1,2,5,engine_idling
682,113201-5-0-1.wav,113201,0.5,4.5,1,2,5,engine_idling
683,113201-5-0-2.wav,113201,1.0,5.0,1,2,5,engine_idling
684,113201-5-0-3.wav,113201,1.5,5.5,1,2,5,engine_idling
685,113201-5-0-4.wav,113201,2.0,6.0,1,2,5,engine_idling
686,113201-5-0-5.wav,113201,2.5,6.5,1,2,5,engine_idling
687,113201-5-0-6.wav,113201,3.0,7.0,1,2,5,engine_idling
688,113201-5-0-7.wav,113201,3.5,7.5,1,2,5,engine_idling
689,113202-5-0-0.wav,113202,0.0,4.0,1,8,5,engine_idling
690,113202-5-0-1.wav,113202,0.5,4.5,1,8,5,engine_idling
691,113202-5-0-10.wav,113202,5.0,9.0,1,8,5,engine_idling
692,113202-5-0-11.wav,113202,5.5,9.5,1,8,5,engine_idling
693,113202-5-0-12.wav,113202,6.0,10.0,1,8,5,engine_idling
694,113202-5-0-13.wav,113202,6.5,10.5,1,8,5,engine_idling
695,113202-5-0-14.wav,113202,7.0,11.0,1,8,5,engine_idling
696,113202-5-0-15.wav,113202,7.5,11.5,1,8,5,engine_idling
697,113202-5-0-16.wav,113202,8.0,12.0,1,8,5,engine_idling
698,113202-5-0-17.wav,113202,8.5,12.5,1,8,5,engine_idling
699,113202-5-0-18.wav,113202,9.0,13.0,1,8,5,engine_idling
700,113202-5-0-19.wav,113202,9.5,13.5,1,8,5,engine_idling
701,113202-5-0-2.wav,113202,1.0,5.0,1,8,5,engine_idling
702,113202-5-0-20.wav,113202,10.0,14.0,1,8,5,engine_idling
703,113202-5-0-21.wav,113202,10.5,14.5,1,8,5,engine_idling
704,113202-5-0-22.wav,113202,11.0,15.0,1,8,5,engine_idling
705,113202-5-0-23.wav,113202,11.5,15.5,1,8,5,engine_idling
706,113202-5-0-24.wav,113202,12.0,16.0,1,8,5,engine_idling
707,113202-5-0-25.wav,113202,12.5,16.5,1,8,5,engine_idling
708,113202-5-0-26.wav,113202,13.0,17.0,1,8,5,engine_idling
709,113202-5-0-27.wav,113202,13.5,17.5,1,8,5,engine_idling
710,113202-5-0-28.wav,113202,14.0,18.0,1,8,5,engine_idling
711,113202-5-0-3.wav,113202,1.5,5.5,1,8,5,engine_idling
712,113202-5-0-4.wav,113202,2.0,6.0,1,8,5,engine_idling
713,113202-5-0-5.wav,113202,2.5,6.5,1,8,5,engine_idling
714,113202-5-0-6.wav,113202,3.0,7.0,1,8,5,engine_idling
715,113202-5-0-7.wav,113202,3.5,7.5,1,8,5,engine_idling
716,113202-5-0-8.wav,113202,4.0,8.0,1,8,5,engine_idling
717,113202-5-0-9.wav,113202,4.5,8.5,1,8,5,engine_idling
718,113203-5-0-0.wav,113203,43.494706,47.494706,1,8,5,engine_idling
719,113203-5-0-1.wav,113203,43.994706,47.994706,1,8,5,engine_idling
720,113203-5-0-2.wav,113203,44.494706,48.494706,1,8,5,engine_idling
721,113203-5-0-3.wav,113203,44.994706,48.994706,1,8,5,engine_idling
722,113203-5-0-4.wav,113203,45.494706,49.494706,1,8,5,engine_idling
723,113203-5-0-5.wav,113203,45.994706,49.994706,1,8,5,engine_idling
724,113203-5-0-6.wav,113203,46.494706,50.494706,1,8,5,engine_idling
725,113203-5-0-7.wav,113203,46.994706,50.994706,1,8,5,engine_idling
726,113203-5-0-8.wav,113203,47.494706,51.494706,1,8,5,engine_idling
727,113203-5-1-0.wav,113203,79.23588199999999,83.23588199999999,1,8,5,engine_idling
728,113203-5-1-1.wav,113203,79.73588199999999,83.73588199999999,1,8,5,engine_idling
729,113203-5-1-2.wav,113203,80.23588199999999,84.23588199999999,1,8,5,engine_idling
730,113203-5-2-0.wav,113203,94.771765,97.308235,1,8,5,engine_idling
731,113203-5-3-0.wav,113203,100.50764699999999,104.50764699999999,1,8,5,engine_idling
732,113203-5-3-1.wav,113203,101.00764699999999,105.00764699999999,1,8,5,engine_idling
733,113203-5-4-0.wav,113203,115.89941200000001,119.89941200000001,1,8,5,engine_idling
734,113203-5-5-0.wav,113203,125.094118,128.351176,1,8,5,engine_idling
735,113203-5-6-0.wav,113203,132.93411799999998,136.93411799999998,1,8,5,engine_idling
736,113203-5-7-0.wav,113203,141.581176,142.618824,1,8,5,engine_idling
737,113203-5-8-0.wav,113203,145.87588200000002,146.82705900000002,1,8,5,engine_idling
738,113205-5-0-0.wav,113205,2.12,5.36,1,1,5,engine_idling
739,113205-5-1-0.wav,113205,27.04,31.04,1,1,5,engine_idling
740,113205-5-1-1.wav,113205,27.54,31.54,1,1,5,engine_idling
741,113205-5-1-2.wav,113205,28.04,32.04,1,1,5,engine_idling
742,113205-5-1-3.wav,113205,28.54,32.54,1,1,5,engine_idling
743,113205-5-1-4.wav,113205,29.04,33.04,1,1,5,engine_idling
744,113205-5-1-5.wav,113205,29.54,33.54,1,1,5,engine_idling
745,113205-5-1-6.wav,113205,30.04,34.04,1,1,5,engine_idling
746,113205-5-1-7.wav,113205,30.54,34.54,1,1,5,engine_idling
747,113205-5-1-8.wav,113205,31.04,35.04,1,1,5,engine_idling
748,113205-5-1-9.wav,113205,31.54,35.54,1,1,5,engine_idling
749,113216-5-0-0.wav,113216,2.693333,6.693333,1,8,5,engine_idling
750,113216-5-0-1.wav,113216,3.193333,7.193333,1,8,5,engine_idling
751,113216-5-0-2.wav,113216,3.693333,7.693333,1,8,5,engine_idling
752,113216-5-0-3.wav,113216,4.193333,8.193333,1,8,5,engine_idling
753,113216-5-0-4.wav,113216,4.693333,8.693333,1,8,5,engine_idling
849,117181-8-0-0.wav,117181,0.0,4.0,1,8,8,siren
850,117181-8-0-1.wav,117181,0.5,4.5,1,8,8,siren
851,117181-8-0-10.wav,117181,5.0,9.0,1,8,8,siren
852,117181-8-0-11.wav,117181,5.5,9.5,1,8,8,siren
853,117181-8-0-12.wav,117181,6.0,10.0,1,8,8,siren
854,117181-8-0-2.wav,117181,1.0,5.0,1,8,8,siren
855,117181-8-0-3.wav,117181,1.5,5.5,1,8,8,siren
856,117181-8-0-4.wav,117181,2.0,6.0,1,8,8,siren
857,117181-8-0-5.wav,117181,2.5,6.5,1,8,8,siren
858,117181-8-0-6.wav,117181,3.0,7.0,1,8,8,siren
859,117181-8-0-7.wav,117181,3.5,7.5,1,8,8,siren
860,117181-8-0-8.wav,117181,4.0,8.0,1,8,8,siren
861,117181-8-0-9.wav,117181,4.5,8.5,1,8,8,siren
868,117536-1-0-0.wav,117536,31.064967,31.640588,2,4,1,car_horn
875,118070-1-0-0.wav,118070,0.392887,0.6179640000000001,1,3,1,car_horn
895,118279-8-0-0.wav,118279,0.0,4.0,2,1,8,siren
896,118279-8-0-1.wav,118279,0.5,4.5,2,1,8,siren
897,118279-8-0-10.wav,118279,5.0,9.0,2,1,8,siren
898,118279-8-0-11.wav,118279,5.5,9.5,2,1,8,siren
899,118279-8-0-12.wav,118279,6.0,10.0,2,1,8,siren
900,118279-8-0-13.wav,118279,6.5,10.5,2,1,8,siren
901,118279-8-0-14.wav,118279,7.0,11.0,2,1,8,siren
902,118279-8-0-2.wav,118279,1.0,5.0,2,1,8,siren
903,118279-8-0-3.wav,118279,1.5,5.5,2,1,8,siren
904,118279-8-0-4.wav,118279,2.0,6.0,2,1,8,siren
905,118279-8-0-5.wav,118279,2.5,6.5,2,1,8,siren
906,118279-8-0-6.wav,118279,3.0,7.0,2,1,8,siren
907,118279-8-0-7.wav,118279,3.5,7.5,2,1,8,siren
908,118279-8-0-8.wav,118279,4.0,8.0,2,1,8,siren
909,118279-8-0-9.wav,118279,4.5,8.5,2,1,8,siren
919,118496-1-0-0.wav,118496,1.394779,1.649762,2,3,1,car_horn
920,118496-1-1-0.wav,118496,1.963587,2.155369,2,3,1,car_horn
921,118558-5-0-0.wav,118558,19.743613,23.743613,1,10,5,engine_idling
922,118558-5-0-1.wav,118558,20.243613,24.243613,1,10,5,engine_idling
923,118558-5-0-2.wav,118558,20.743613,24.743613,1,10,5,engine_idling
924,118558-5-1-0.wav,118558,31.128617,35.128617,1,10,5,engine_idling
925,118558-5-1-1.wav,118558,31.628617,35.628617,1,10,5,engine_idling
926,118558-5-1-2.wav,118558,32.128617,36.128617,1,10,5,engine_idling
927,118558-5-2-0.wav,118558,47.413495000000005,51.413495000000005,1,10,5,engine_idling
928,118558-5-2-1.wav,118558,47.913495000000005,51.913495000000005,1,10,5,engine_idling
929,118558-5-2-2.wav,118558,48.413495000000005,52.413495000000005,1,10,5,engine_idling
930,118558-5-2-3.wav,118558,48.913495000000005,52.913495,1,10,5,engine_idling
944,119449-5-0-0.wav,119449,1.381958,5.381958,1,9,5,engine_idling
945,119449-5-0-1.wav,119449,1.8819580000000002,5.881958,1,9,5,engine_idling
946,119449-5-0-2.wav,119449,2.381958,6.381958,1,9,5,engine_idling
947,119449-5-0-3.wav,119449,2.881958,6.881958,1,9,5,engine_idling
948,119449-5-0-4.wav,119449,3.381958,7.381958,1,9,5,engine_idling
949,119449-5-0-5.wav,119449,3.881958,7.881958,1,9,5,engine_idling
950,119449-5-0-6.wav,119449,4.381958,8.381958000000001,1,9,5,engine_idling
951,119455-5-0-0.wav,119455,0.446601,4.446601,1,1,5,engine_idling
952,119455-5-0-1.wav,119455,0.946601,4.946601,1,1,5,engine_idling
953,119455-5-0-2.wav,119455,1.446601,5.446601,1,1,5,engine_idling
954,119455-5-0-3.wav,119455,1.9466009999999998,5.946601,1,1,5,engine_idling
955,119455-5-0-4.wav,119455,2.446601,6.446601,1,1,5,engine_idling
956,119455-5-0-5.wav,119455,2.946601,6.946600999999999,1,1,5,engine_idling
957,119455-5-0-6.wav,119455,3.4466010000000002,7.446600999999999,1,1,5,engine_idling
958,119455-5-0-7.wav,119455,3.9466010000000002,7.946600999999999,1,1,5,engine_idling
992,121299-1-0-0.wav,121299,49.966977,50.599470000000004,2,5,1,car_horn
993,121528-8-1-0.wav,121528,24.030115,28.030115000000002,2,3,8,siren
994,121528-8-1-1.wav,121528,24.530115,28.530115000000002,2,3,8,siren
1000,122690-6-0-0.wav,122690,12.231953,15.377839999999999,1,1,6,gun_shot
1015,123685-5-0-0.wav,123685,3.845506,7.845505999999999,1,7,5,engine_idling
1016,123685-5-0-1.wav,123685,4.345505999999999,8.345506,1,7,5,engine_idling
1017,123685-5-0-2.wav,123685,4.845505999999999,8.845506,1,7,5,engine_idling
1018,123685-5-0-3.wav,123685,5.345505999999999,9.345506,1,7,5,engine_idling
1019,123685-5-0-4.wav,123685,5.845505999999999,9.845506,1,7,5,engine_idling
1020,123685-5-0-5.wav,123685,6.345505999999999,10.345506,1,7,5,engine_idling
1021,123685-5-0-6.wav,123685,6.845505999999999,10.845506,1,7,5,engine_idling
1022,123685-5-0-7.wav,123685,7.345505999999999,11.345506,1,7,5,engine_idling
1023,123685-5-0-8.wav,123685,7.845505999999999,11.845506,1,7,5,engine_idling
1024,123688-8-0-0.wav,123688,14.175572,18.175572,2,2,8,siren
1025,123688-8-0-1.wav,123688,14.675572,18.675572,2,2,8,siren
1026,123688-8-0-10.wav,123688,19.175572,23.175572,2,2,8,siren
1027,123688-8-0-11.wav,123688,19.675572,23.675572,2,2,8,siren
1028,123688-8-0-12.wav,123688,20.175572,24.175572,2,2,8,siren
1029,123688-8-0-13.wav,123688,20.675572,24.675572,2,2,8,siren
1030,123688-8-0-14.wav,123688,21.175572,25.175572,2,2,8,siren
1031,123688-8-0-15.wav,123688,21.675572,25.675572,2,2,8,siren
1032,123688-8-0-16.wav,123688,22.175572,26.175572,2,2,8,siren
1033,123688-8-0-17.wav,123688,22.675572,26.675572,2,2,8,siren
1034,123688-8-0-18.wav,123688,23.175572,27.175572,2,2,8,siren
1035,123688-8-0-2.wav,123688,15.175572,19.175572,2,2,8,siren
1036,123688-8-0-3.wav,123688,15.675572,19.675572,2,2,8,siren
1037,123688-8-0-4.wav,123688,16.175572,20.175572,2,2,8,siren
1038,123688-8-0-5.wav,123688,16.675572,20.675572,2,2,8,siren
1039,123688-8-0-6.wav,123688,17.175572,21.175572,2,2,8,siren
1040,123688-8-0-7.wav,123688,17.675572,21.675572,2,2,8,siren
1041,123688-8-0-8.wav,123688,18.175572,22.175572,2,2,8,siren
1042,123688-8-0-9.wav,123688,18.675572,22.675572,2,2,8,siren
1043,123688-8-1-0.wav,123688,56.044658999999996,60.044658999999996,1,2,8,siren
1044,123688-8-1-1.wav,123688,56.544658999999996,60.544658999999996,1,2,8,siren
1045,123688-8-1-2.wav,123688,57.044658999999996,61.044658999999996,1,2,8,siren
1046,123688-8-1-3.wav,123688,57.544658999999996,61.544658999999996,1,2,8,siren
1047,123688-8-1-4.wav,123688,58.044658999999996,62.044658999999996,1,2,8,siren
1048,123688-8-1-5.wav,123688,58.544658999999996,62.544658999999996,1,2,8,siren
1049,123688-8-2-0.wav,123688,71.53549,75.53549,2,2,8,siren
1050,123688-8-2-1.wav,123688,72.03549,76.03549,2,2,8,siren
1051,123688-8-2-2.wav,123688,72.53549,76.53549,2,2,8,siren
1052,123688-8-2-3.wav,123688,73.03549,77.03549,2,2,8,siren
1053,123688-8-2-4.wav,123688,73.53549,77.53549,2,2,8,siren
1054,124389-8-1-0.wav,124389,195.91398600000002,199.91398600000002,2,6,8,siren
1055,124389-8-1-1.wav,124389,196.41398600000002,200.41398600000002,2,6,8,siren
1056,124389-8-1-10.wav,124389,200.91398600000002,204.91398600000002,2,6,8,siren
1057,124389-8-1-11.wav,124389,201.41398600000002,205.41398600000002,2,6,8,siren
1058,124389-8-1-12.wav,124389,201.91398600000002,205.91398600000002,2,6,8,siren
1059,124389-8-1-13.wav,124389,202.41398600000002,206.41398600000002,2,6,8,siren
1060,124389-8-1-14.wav,124389,202.91398600000002,206.91398600000002,2,6,8,siren
1061,124389-8-1-15.wav,124389,203.41398600000002,207.41398600000002,2,6,8,siren
1062,124389-8-1-16.wav,124389,203.91398600000002,207.91398600000002,2,6,8,siren
1063,124389-8-1-17.wav,124389,204.41398600000002,208.41398600000002,2,6,8,siren
1064,124389-8-1-18.wav,124389,204.91398600000002,208.91398600000002,2,6,8,siren
1065,124389-8-1-2.wav,124389,196.91398600000002,200.91398600000002,2,6,8,siren
1066,124389-8-1-3.wav,124389,197.41398600000002,201.41398600000002,2,6,8,siren
1067,124389-8-1-4.wav,124389,197.91398600000002,201.91398600000002,2,6,8,siren
1068,124389-8-1-5.wav,124389,198.41398600000002,202.41398600000002,2,6,8,siren
1069,124389-8-1-6.wav,124389,198.91398600000002,202.91398600000002,2,6,8,siren
1070,124389-8-1-7.wav,124389,199.41398600000002,203.41398600000002,2,6,8,siren
1071,124389-8-1-8.wav,124389,199.91398600000002,203.91398600000002,2,6,8,siren
1072,124389-8-1-9.wav,124389,200.41398600000002,204.41398600000002,2,6,8,siren
1079,125520-1-0-0.wav,125520,0.175344,1.0382200000000001,1,8,1,car_horn
1080,125520-1-1-0.wav,125520,1.8734099999999998,4.0513650000000005,1,8,1,car_horn
1081,125520-1-2-0.wav,125520,4.572783,5.440273,1,8,1,car_horn
1082,125520-1-3-0.wav,125520,5.841718,6.7092089999999995,1,8,1,car_horn
1083,125520-1-4-0.wav,125520,7.3182979999999995,7.885858,1,8,1,car_horn
1174,12812-5-0-0.wav,12812,0.0,4.0,1,9,5,engine_idling
1175,12812-5-0-1.wav,12812,0.5,4.5,1,9,5,engine_idling
1176,12812-5-0-2.wav,12812,1.0,5.0,1,9,5,engine_idling
1183,128160-5-0-0.wav,128160,0.0,4.0,1,4,5,engine_idling
1184,128160-5-0-1.wav,128160,0.5,4.5,1,4,5,engine_idling
1185,128160-5-0-10.wav,128160,5.0,9.0,1,4,5,engine_idling
1186,128160-5-0-11.wav,128160,5.5,9.5,1,4,5,engine_idling
1187,128160-5-0-12.wav,128160,6.0,10.0,1,4,5,engine_idling
1188,128160-5-0-13.wav,128160,6.5,10.5,1,4,5,engine_idling
1189,128160-5-0-14.wav,128160,7.0,11.0,1,4,5,engine_idling
1190,128160-5-0-15.wav,128160,7.5,11.5,1,4,5,engine_idling
1191,128160-5-0-2.wav,128160,1.0,5.0,1,4,5,engine_idling
1192,128160-5-0-3.wav,128160,1.5,5.5,1,4,5,engine_idling
1193,128160-5-0-4.wav,128160,2.0,6.0,1,4,5,engine_idling
1194,128160-5-0-5.wav,128160,2.5,6.5,1,4,5,engine_idling
1195,128160-5-0-6.wav,128160,3.0,7.0,1,4,5,engine_idling
1196,128160-5-0-7.wav,128160,3.5,7.5,1,4,5,engine_idling
1197,128160-5-0-8.wav,128160,4.0,8.0,1,4,5,engine_idling
1198,128160-5-0-9.wav,128160,4.5,8.5,1,4,5,engine_idling
1203,128465-1-0-0.wav,128465,7.177949000000001,11.177949,2,6,1,car_horn
1204,128465-1-0-1.wav,128465,7.677949000000001,11.677949,2,6,1,car_horn
1205,128465-1-0-2.wav,128465,8.177949,12.177949,2,6,1,car_horn
1206,128465-1-0-3.wav,128465,8.677949,12.677949,2,6,1,car_horn
1207,128465-1-0-4.wav,128465,9.177949,13.177949,2,6,1,car_horn
1208,128465-1-0-5.wav,128465,9.677949,13.677949,2,6,1,car_horn
1209,128465-1-0-6.wav,128465,10.177949,14.177949,2,6,1,car_horn
1210,128465-1-0-7.wav,128465,10.677949,14.677949,2,6,1,car_horn
1211,128465-1-0-8.wav,128465,11.177949,15.177949,2,6,1,car_horn
1268,131571-6-0-0.wav,131571,0.128306,2.031517,1,8,6,gun_shot
1307,132073-1-0-0.wav,132073,0.940782,2.4042209999999997,2,2,1,car_horn
1308,132073-1-1-0.wav,132073,2.979144,4.128989,2,2,1,car_horn
1309,132073-1-2-0.wav,132073,4.41645,4.78231,2,2,1,car_horn
1310,132073-1-3-0.wav,132073,5.80149,7.787586,2,2,1,car_horn
1311,132073-1-4-0.wav,132073,8.310243,9.094228,2,2,1,car_horn
1312,132073-1-5-0.wav,132073,10.871261,12.230169,2,2,1,car_horn
1313,132073-1-6-0.wav,132073,35.409997,35.775857,2,2,1,car_horn
1366,133473-8-0-0.wav,133473,0.0,4.0,2,8,8,siren
1367,133473-8-0-1.wav,133473,0.5,4.5,2,8,8,siren
1368,133473-8-0-2.wav,133473,1.0,5.0,2,8,8,siren
1369,133473-8-0-3.wav,133473,1.5,5.5,2,8,8,siren
1370,133473-8-0-4.wav,133473,2.0,6.0,2,8,8,siren
1371,133473-8-0-5.wav,133473,2.5,6.5,2,8,8,siren
1380,133797-6-0-0.wav,133797,3.254115,4.66165,1,6,6,gun_shot
1381,133797-6-1-0.wav,133797,6.895625999999999,8.845512,1,6,6,gun_shot
1382,133797-6-2-0.wav,133797,9.116689,10.885791000000001,1,6,6,gun_shot
1408,135160-8-0-0.wav,135160,123.307227,127.307227,2,6,8,siren
1409,135160-8-0-1.wav,135160,123.807227,127.807227,2,6,8,siren
1410,135160-8-0-10.wav,135160,128.307227,132.307227,2,6,8,siren
1411,135160-8-0-11.wav,135160,128.807227,132.807227,2,6,8,siren
1412,135160-8-0-2.wav,135160,124.307227,128.307227,2,6,8,siren
1413,135160-8-0-3.wav,135160,124.807227,128.807227,2,6,8,siren
1414,135160-8-0-4.wav,135160,125.307227,129.307227,2,6,8,siren
1415,135160-8-0-5.wav,135160,125.807227,129.807227,2,6,8,siren
1416,135160-8-0-6.wav,135160,126.307227,130.307227,2,6,8,siren
1417,135160-8-0-7.wav,135160,126.807227,130.807227,2,6,8,siren
1418,135160-8-0-8.wav,135160,127.307227,131.307227,2,6,8,siren
1419,135160-8-0-9.wav,135160,127.807227,131.807227,2,6,8,siren
1420,135526-6-0-0.wav,135526,3.5312580000000002,5.006647,1,3,6,gun_shot
1421,135526-6-1-0.wav,135526,5.006647,6.457848,1,3,6,gun_shot
1422,135526-6-10-0.wav,135526,22.759683,25.371845999999998,1,3,6,gun_shot
1423,135526-6-11-0.wav,135526,25.371845999999998,27.766329,1,3,6,gun_shot
1424,135526-6-12-0.wav,135526,27.766329,30.451053,1,3,6,gun_shot
1425,135526-6-13-0.wav,135526,30.451053,31.007346999999996,1,3,6,gun_shot
1426,135526-6-2-0.wav,135526,6.457848,9.045825,1,3,6,gun_shot
1427,135526-6-3-0.wav,135526,9.045825,10.569587,1,3,6,gun_shot
1428,135526-6-4-0.wav,135526,10.569587,12.359403,1,3,6,gun_shot
1429,135526-6-5-0.wav,135526,12.359403,14.657139,1,3,6,gun_shot
1430,135526-6-6-0.wav,135526,14.657139,16.858129,1,3,6,gun_shot
1431,135526-6-7-0.wav,135526,16.858129,18.913998,1,3,6,gun_shot
1432,135526-6-8-0.wav,135526,18.913998,20.776374,1,3,6,gun_shot
1433,135526-6-9-0.wav,135526,20.776374,22.759683,1,3,6,gun_shot
1434,135527-6-0-0.wav,135527,0.0,1.2802850000000001,2,7,6,gun_shot
1435,135527-6-1-0.wav,135527,1.2802850000000001,4.511481,2,7,6,gun_shot
1436,135527-6-10-0.wav,135527,32.860655,33.714179,2,7,6,gun_shot
1437,135527-6-11-0.wav,135527,36.274749,38.164694,2,7,6,gun_shot
1438,135527-6-12-0.wav,135527,38.469524,40.420435,2,7,6,gun_shot
1439,135527-6-13-0.wav,135527,43.468733,45.175779999999996,2,7,6,gun_shot
1440,135527-6-14-0.wav,135527,48.406976,52.406976,2,7,6,gun_shot
1441,135527-6-14-1.wav,135527,48.906976,52.906976,2,7,6,gun_shot
1442,135527-6-14-10.wav,135527,53.406976,57.406976,2,7,6,gun_shot
1443,135527-6-14-2.wav,135527,49.406976,53.406976,2,7,6,gun_shot
1444,135527-6-14-3.wav,135527,49.906976,53.906976,2,7,6,gun_shot
1445,135527-6-14-4.wav,135527,50.406976,54.406976,2,7,6,gun_shot
1446,135527-6-14-5.wav,135527,50.906976,54.906976,2,7,6,gun_shot
1447,135527-6-14-6.wav,135527,51.406976,55.406976,2,7,6,gun_shot
1448,135527-6-14-7.wav,135527,51.906976,55.906976,2,7,6,gun_shot
1449,135527-6-14-8.wav,135527,52.406976,56.406976,2,7,6,gun_shot
1450,135527-6-14-9.wav,135527,52.906976,56.906976,2,7,6,gun_shot
1451,135527-6-2-0.wav,135527,4.511481,6.645289999999999,2,7,6,gun_shot
1452,135527-6-3-0.wav,135527,9.205861,10.486146000000002,2,7,6,gun_shot
1453,135527-6-4-0.wav,135527,10.486146000000002,12.680921000000001,2,7,6,gun_shot
1454,135527-6-5-0.wav,135527,12.680921000000001,14.936660999999999,2,7,6,gun_shot
1455,135527-6-6-0.wav,135527,16.095015,18.533653,2,7,6,gun_shot
1456,135527-6-7-0.wav,135527,18.777517,21.15519,2,7,6,gun_shot
1457,135527-6-8-0.wav,135527,21.642917999999998,23.471897,2,7,6,gun_shot
1458,135527-6-9-0.wav,135527,23.471897,25.544739,2,7,6,gun_shot
1459,135528-6-0-0.wav,135528,8.253960000000001,10.70784,2,4,6,gun_shot
1460,135528-6-1-0.wav,135528,10.98669,13.161721,2,4,6,gun_shot
1461,135528-6-10-0.wav,135528,58.112342000000005,60.231602,2,4,6,gun_shot
1462,135528-6-11-0.wav,135528,62.127781999999996,63.96819300000001,2,4,6,gun_shot
1463,135528-6-12-0.wav,135528,65.027823,67.370163,2,4,6,gun_shot
1464,135528-6-2-0.wav,135528,13.440570999999998,17.440571,2,4,6,gun_shot
1465,135528-6-3-0.wav,135528,18.515641,21.359911,2,4,6,gun_shot
1466,135528-6-4-0.wav,135528,21.359911,25.359911,2,4,6,gun_shot
1467,135528-6-4-1.wav,135528,21.859911,25.859911,2,4,6,gun_shot
1468,135528-6-4-2.wav,135528,22.359911,26.359911,2,4,6,gun_shot
1469,135528-6-5-0.wav,135528,30.338881,32.569681,2,4,6,gun_shot
1470,135528-6-6-0.wav,135528,34.633171000000004,36.640890999999996,2,4,6,gun_shot
1471,135528-6-7-0.wav,135528,38.871691999999996,40.489022,2,4,6,gun_shot
1472,135528-6-8-0.wav,135528,45.173702,46.456412,2,4,6,gun_shot
1473,135528-6-9-0.wav,135528,49.021832,50.248771999999995,2,4,6,gun_shot
1474,135544-6-0-0.wav,135544,1.5518610000000002,3.8796519999999997,1,6,6,gun_shot
1475,135544-6-1-0.wav,135544,3.8796519999999997,6.262867,1,6,6,gun_shot
1476,135544-6-10-0.wav,135544,34.584329,35.526531,1,6,6,gun_shot
1477,135544-6-11-0.wav,135544,35.526531,36.025343,1,6,6,gun_shot
1478,135544-6-12-0.wav,135544,36.025343,37.078392,1,6,6,gun_shot
1479,135544-6-13-0.wav,135544,37.078392,38.242287,1,6,6,gun_shot
1480,135544-6-14-0.wav,135544,38.242287,39.239912,1,6,6,gun_shot
1481,135544-6-15-0.wav,135544,39.572454,40.791773,1,6,6,gun_shot
1482,135544-6-16-0.wav,135544,41.013467,42.454481,1,6,6,gun_shot
1483,135544-6-17-0.wav,135544,42.731598999999996,44.338884,1,6,6,gun_shot
1484,135544-6-18-0.wav,135544,44.338884,46.167863,1,6,6,gun_shot
1485,135544-6-19-0.wav,135544,46.389557,48.107689,1,6,6,gun_shot
1486,135544-6-2-0.wav,135544,6.262867,8.036423,1,6,6,gun_shot
1487,135544-6-3-0.wav,135544,23.776726,25.273164,1,6,6,gun_shot
1488,135544-6-4-0.wav,135544,25.716553,26.935871999999996,1,6,6,gun_shot
1489,135544-6-5-0.wav,135544,27.379261,29.041969,1,6,6,gun_shot
1490,135544-6-6-0.wav,135544,29.041969,30.538406,1,6,6,gun_shot
1491,135544-6-7-0.wav,135544,31.148065999999996,32.478232,1,6,6,gun_shot
1492,135544-6-8-0.wav,135544,32.478232,33.143316,1,6,6,gun_shot
1493,135544-6-9-0.wav,135544,33.143316,34.584329,1,6,6,gun_shot
1514,136399-6-0-0.wav,136399,0.0,3.353689,1,9,6,gun_shot
1515,136399-6-1-0.wav,136399,4.547806,8.231783,1,9,6,gun_shot
1516,136399-6-2-0.wav,136399,10.010255,13.262317000000001,1,9,6,gun_shot
1517,136399-6-3-0.wav,136399,14.608873999999998,17.556055999999998,1,9,6,gun_shot
1518,136399-6-4-0.wav,136399,19.537781,21.4941,1,9,6,gun_shot
1519,136399-6-5-0.wav,136399,21.4941,23.856927,1,9,6,gun_shot
1520,136399-6-6-0.wav,136399,24.06018,25.991092000000002,1,9,6,gun_shot
1521,136399-6-7-0.wav,136399,26.194346,28.81124,1,9,6,gun_shot
1522,136399-6-8-0.wav,136399,28.938274,30.488084999999998,1,9,6,gun_shot
1523,136399-6-9-0.wav,136399,30.488084999999998,32.520624,1,9,6,gun_shot
1581,138465-1-0-0.wav,138465,19.212259,22.962543,2,8,1,car_horn
1582,138468-1-0-0.wav,138468,0.289342,3.890508,2,9,1,car_horn
1627,141240-5-0-0.wav,141240,0.0,3.0538689999999997,1,10,5,engine_idling
1628,141240-5-1-0.wav,141240,27.06407,29.914347999999997,1,10,5,engine_idling
1638,143115-1-0-0.wav,143115,26.862734000000003,27.466390999999998,2,6,1,car_horn
1639,143115-1-1-0.wav,143115,31.490771000000002,32.698085,2,6,1,car_horn
1640,143115-1-2-0.wav,143115,39.187397,40.394711,2,6,1,car_horn
1641,143115-1-3-0.wav,143115,40.69654,41.149282,2,6,1,car_horn
1642,143115-1-4-0.wav,143115,58.001371999999996,58.353505000000006,2,6,1,car_horn
1647,143604-5-0-0.wav,143604,3.311464,5.678107,1,1,5,engine_idling
1674,143970-5-0-0.wav,143970,4.4302660000000005,8.430266,1,2,5,engine_idling
1675,143970-5-0-1.wav,143970,4.9302660000000005,8.930266,1,2,5,engine_idling
1676,143970-5-0-2.wav,143970,5.4302660000000005,9.430266,1,2,5,engine_idling
1677,143970-5-0-3.wav,143970,5.9302660000000005,9.930266,1,2,5,engine_idling
1678,144007-5-0-0.wav,144007,2.488552,6.488551999999999,1,4,5,engine_idling
1679,144007-5-0-1.wav,144007,2.988552,6.988552,1,4,5,engine_idling
1680,144007-5-0-10.wav,144007,7.488552,11.488552,1,4,5,engine_idling
1681,144007-5-0-11.wav,144007,7.988552,11.988552,1,4,5,engine_idling
1682,144007-5-0-12.wav,144007,8.488552,12.488552,1,4,5,engine_idling
1683,144007-5-0-13.wav,144007,8.988552,12.988552,1,4,5,engine_idling
1684,144007-5-0-14.wav,144007,9.488552,13.488551999999999,1,4,5,engine_idling
1685,144007-5-0-15.wav,144007,9.988552,13.988551999999999,1,4,5,engine_idling
1686,144007-5-0-16.wav,144007,10.488552,14.488551999999999,1,4,5,engine_idling
1687,144007-5-0-17.wav,144007,10.988552,14.988551999999999,1,4,5,engine_idling
1688,144007-5-0-18.wav,144007,11.488552,15.488551999999999,1,4,5,engine_idling
1689,144007-5-0-19.wav,144007,11.988552,15.988551999999999,1,4,5,engine_idling
1690,144007-5-0-2.wav,144007,3.488552,7.488552,1,4,5,engine_idling
1691,144007-5-0-20.wav,144007,12.488552,16.488552,1,4,5,engine_idling
1692,144007-5-0-21.wav,144007,12.988552,16.988552,1,4,5,engine_idling
1693,144007-5-0-3.wav,144007,3.988552,7.988552,1,4,5,engine_idling
1694,144007-5-0-4.wav,144007,4.488551999999999,8.488552,1,4,5,engine_idling
1695,144007-5-0-5.wav,144007,4.988551999999999,8.988552,1,4,5,engine_idling
1696,144007-5-0-6.wav,144007,5.488551999999999,9.488552,1,4,5,engine_idling
1697,144007-5-0-7.wav,144007,5.988551999999999,9.988552,1,4,5,engine_idling
1698,144007-5-0-8.wav,144007,6.488551999999999,10.488552,1,4,5,engine_idling
1699,144007-5-0-9.wav,144007,6.988552,10.988552,1,4,5,engine_idling
1700,144007-5-1-0.wav,144007,68.762626,72.762626,1,4,5,engine_idling
1701,144007-5-1-1.wav,144007,69.262626,73.262626,1,4,5,engine_idling
1702,144007-5-1-10.wav,144007,73.762626,77.762626,1,4,5,engine_idling
1703,144007-5-1-11.wav,144007,74.262626,78.262626,1,4,5,engine_idling
1704,144007-5-1-2.wav,144007,69.762626,73.762626,1,4,5,engine_idling
1705,144007-5-1-3.wav,144007,70.262626,74.262626,1,4,5,engine_idling
1706,144007-5-1-4.wav,144007,70.762626,74.762626,1,4,5,engine_idling
1707,144007-5-1-5.wav,144007,71.262626,75.262626,1,4,5,engine_idling
1708,144007-5-1-6.wav,144007,71.762626,75.762626,1,4,5,engine_idling
1709,144007-5-1-7.wav,144007,72.262626,76.262626,1,4,5,engine_idling
1710,144007-5-1-8.wav,144007,72.762626,76.762626,1,4,5,engine_idling
1711,144007-5-1-9.wav,144007,73.262626,77.262626,1,4,5,engine_idling
1715,144068-5-0-0.wav,144068,22.794739,26.794739,1,3,5,engine_idling
1716,144068-5-0-1.wav,144068,23.294739,27.294739,1,3,5,engine_idling
1717,144068-5-0-10.wav,144068,27.794739,31.794739,1,3,5,engine_idling
1718,144068-5-0-11.wav,144068,28.294739,32.294739,1,3,5,engine_idling
1719,144068-5-0-12.wav,144068,28.794739,32.794739,1,3,5,engine_idling
1720,144068-5-0-13.wav,144068,29.294739,33.294739,1,3,5,engine_idling
1721,144068-5-0-14.wav,144068,29.794739,33.794739,1,3,5,engine_idling
1722,144068-5-0-15.wav,144068,30.294739,34.294739,1,3,5,engine_idling
1723,144068-5-0-16.wav,144068,30.794739,34.794739,1,3,5,engine_idling
1724,144068-5-0-17.wav,144068,31.294739,35.294739,1,3,5,engine_idling
1725,144068-5-0-18.wav,144068,31.794739,35.794739,1,3,5,engine_idling
1726,144068-5-0-2.wav,144068,23.794739,27.794739,1,3,5,engine_idling
1727,144068-5-0-3.wav,144068,24.294739,28.294739,1,3,5,engine_idling
1728,144068-5-0-4.wav,144068,24.794739,28.794739,1,3,5,engine_idling
1729,144068-5-0-5.wav,144068,25.294739,29.294739,1,3,5,engine_idling
1730,144068-5-0-6.wav,144068,25.794739,29.794739,1,3,5,engine_idling
1731,144068-5-0-7.wav,144068,26.294739,30.294739,1,3,5,engine_idling
1732,144068-5-0-8.wav,144068,26.794739,30.794739,1,3,5,engine_idling
1733,144068-5-0-9.wav,144068,27.294739,31.294739,1,3,5,engine_idling
1734,144068-5-1-0.wav,144068,72.86410699999999,76.86410699999999,1,3,5,engine_idling
1735,144068-5-2-0.wav,144068,89.564877,92.331868,1,3,5,engine_idling
1736,144068-5-3-0.wav,144068,95.757667,99.644631,1,3,5,engine_idling
1737,144068-5-4-0.wav,144068,116.444222,120.444222,1,3,5,engine_idling
1738,144068-5-4-1.wav,144068,116.944222,120.944222,1,3,5,engine_idling
1739,144068-5-4-2.wav,144068,117.444222,121.444222,1,3,5,engine_idling
1740,144068-5-4-3.wav,144068,117.944222,121.944222,1,3,5,engine_idling
1741,144068-5-4-4.wav,144068,118.444222,122.444222,1,3,5,engine_idling
1742,144068-5-4-5.wav,144068,118.944222,122.944222,1,3,5,engine_idling
1743,144068-5-4-6.wav,144068,119.444222,123.444222,1,3,5,engine_idling
1744,144068-5-4-7.wav,144068,119.944222,123.944222,1,3,5,engine_idling
1745,144068-5-4-8.wav,144068,120.444222,124.444222,1,3,5,engine_idling
1746,144068-5-5-0.wav,144068,152.645693,156.645693,1,3,5,engine_idling
1747,144068-5-5-1.wav,144068,153.145693,157.145693,1,3,5,engine_idling
1748,144068-5-5-2.wav,144068,153.645693,157.645693,1,3,5,engine_idling
1782,145206-6-0-0.wav,145206,0.099885,1.340558,1,8,6,gun_shot
1783,145206-6-1-0.wav,145206,1.340558,2.812544,1,8,6,gun_shot
1784,145206-6-2-0.wav,145206,2.849344,3.800877,1,8,6,gun_shot
1785,145206-6-3-0.wav,145206,3.800877,5.020523000000001,1,8,6,gun_shot
1786,145206-6-4-0.wav,145206,5.020523000000001,5.9878279999999995,1,8,6,gun_shot
1787,145206-6-5-0.wav,145206,5.9878279999999995,6.739592,1,8,6,gun_shot
1788,14524-1-0-0.wav,14524,45.748852,46.598538,2,7,1,car_horn
1803,145577-1-0-0.wav,145577,0.0,1.105569,1,2,1,car_horn
1804,145608-6-0-0.wav,145608,2.331561,3.3404910000000005,2,2,6,gun_shot
1805,145608-6-1-0.wav,145608,4.196809,5.231175,2,2,6,gun_shot
1806,145608-6-2-0.wav,145608,5.875533,6.833593,2,2,6,gun_shot
1807,145608-6-3-0.wav,145608,8.842974,9.750163,2,2,6,gun_shot
1808,145609-6-0-0.wav,145609,1.969512,3.235187,2,5,6,gun_shot
1809,145609-6-1-0.wav,145609,4.148941000000001,5.235569,2,5,6,gun_shot
1810,145611-6-0-0.wav,145611,5.074933000000001,6.231719,2,5,6,gun_shot
1811,145611-6-1-0.wav,145611,9.814025,10.989469,2,5,6,gun_shot
1812,145611-6-2-0.wav,145611,14.459828,15.560641,2,5,6,gun_shot
1813,145611-6-3-0.wav,145611,17.855555,18.975026,2,5,6,gun_shot
1814,145611-6-4-0.wav,145611,21.307256,22.370753,2,5,6,gun_shot
1815,145612-6-0-0.wav,145612,1.620559,2.595642,2,8,6,gun_shot
1816,145612-6-1-0.wav,145612,3.886596,4.683142,2,8,6,gun_shot
1817,145612-6-2-0.wav,145612,5.493422,6.406703,2,8,6,gun_shot
1818,145612-6-3-0.wav,145612,7.127714999999999,8.253866,2,8,6,gun_shot
1819,145683-6-0-0.wav,145683,2.9708419999999998,4.2052059999999996,2,9,6,gun_shot
1820,145683-6-1-0.wav,145683,7.071442,8.452256,2,9,6,gun_shot
1821,145683-6-2-0.wav,145683,11.172041,12.092583,2,9,6,gun_shot
1822,145683-6-3-0.wav,145683,17.46939,18.452696,2,9,6,gun_shot
1823,145683-6-4-0.wav,145683,21.339853,22.32316,2,9,6,gun_shot
1824,145683-6-5-0.wav,145683,26.109938,26.612052000000002,2,9,6,gun_shot
1825,146186-5-0-0.wav,146186,0.0,4.0,1,1,5,engine_idling
1826,146186-5-0-1.wav,146186,0.5,4.5,1,1,5,engine_idling
1827,146186-5-0-10.wav,146186,5.0,9.0,1,1,5,engine_idling
1828,146186-5-0-11.wav,146186,5.5,9.5,1,1,5,engine_idling
1829,146186-5-0-12.wav,146186,6.0,10.0,1,1,5,engine_idling
1830,146186-5-0-13.wav,146186,6.5,10.5,1,1,5,engine_idling
1831,146186-5-0-2.wav,146186,1.0,5.0,1,1,5,engine_idling
1832,146186-5-0-3.wav,146186,1.5,5.5,1,1,5,engine_idling
1833,146186-5-0-4.wav,146186,2.0,6.0,1,1,5,engine_idling
1834,146186-5-0-5.wav,146186,2.5,6.5,1,1,5,engine_idling
1835,146186-5-0-6.wav,146186,3.0,7.0,1,1,5,engine_idling
1836,146186-5-0-7.wav,146186,3.5,7.5,1,1,5,engine_idling
1837,146186-5-0-8.wav,146186,4.0,8.0,1,1,5,engine_idling
1838,146186-5-0-9.wav,146186,4.5,8.5,1,1,5,engine_idling
1948,147317-6-0-0.wav,147317,0.916114,2.20664,1,7,6,gun_shot
2006,148166-6-0-0.wav,148166,0.07574199999999999,1.102948,1,9,6,gun_shot
2021,148632-8-0-0.wav,148632,129.79572199999998,133.79572199999998,2,8,8,siren
2022,148632-8-0-1.wav,148632,130.29572199999998,134.29572199999998,2,8,8,siren
2023,148632-8-0-10.wav,148632,134.79572199999998,138.79572199999998,2,8,8,siren
2024,148632-8-0-11.wav,148632,135.29572199999998,139.29572199999998,2,8,8,siren
2025,148632-8-0-12.wav,148632,135.79572199999998,139.79572199999998,2,8,8,siren
2026,148632-8-0-13.wav,148632,136.29572199999998,140.29572199999998,2,8,8,siren
2027,148632-8-0-14.wav,148632,136.79572199999998,140.79572199999998,2,8,8,siren
2028,148632-8-0-15.wav,148632,137.29572199999998,141.29572199999998,2,8,8,siren
2029,148632-8-0-16.wav,148632,137.79572199999998,141.79572199999998,2,8,8,siren
2030,148632-8-0-17.wav,148632,138.29572199999998,142.29572199999998,2,8,8,siren
2031,148632-8-0-18.wav,148632,138.79572199999998,142.79572199999998,2,8,8,siren
2032,148632-8-0-2.wav,148632,130.79572199999998,134.79572199999998,2,8,8,siren
2033,148632-8-0-3.wav,148632,131.29572199999998,135.29572199999998,2,8,8,siren
2034,148632-8-0-4.wav,148632,131.79572199999998,135.79572199999998,2,8,8,siren
2035,148632-8-0-5.wav,148632,132.29572199999998,136.29572199999998,2,8,8,siren
2036,148632-8-0-6.wav,148632,132.79572199999998,136.79572199999998,2,8,8,siren
2037,148632-8-0-7.wav,148632,133.29572199999998,137.29572199999998,2,8,8,siren
2038,148632-8-0-8.wav,148632,133.79572199999998,137.79572199999998,2,8,8,siren
2039,148632-8-0-9.wav,148632,134.29572199999998,138.29572199999998,2,8,8,siren
2040,148827-6-0-0.wav,148827,0.30659000000000003,1.2589780000000002,1,7,6,gun_shot
2041,148827-6-1-0.wav,148827,1.836281,2.6223259999999997,1,7,6,gun_shot
2042,148827-6-2-0.wav,148827,2.899562,3.6693,1,7,6,gun_shot
2043,148827-6-3-0.wav,148827,3.8845650000000003,4.902183999999999,1,7,6,gun_shot
2044,148827-6-4-0.wav,148827,5.1794199999999995,5.746939,1,7,6,gun_shot
2045,148828-6-0-0.wav,148828,0.800693,1.9481979999999999,1,7,6,gun_shot
2046,148828-6-1-0.wav,148828,2.597597,3.691568,1,7,6,gun_shot
2047,148833-6-0-0.wav,148833,1.145889,2.6234830000000002,1,6,6,gun_shot
2048,148833-6-1-0.wav,148833,3.9938589999999996,5.903673,1,6,6,gun_shot
2049,148834-6-0-0.wav,148834,0.119197,0.7810050000000001,1,6,6,gun_shot
2050,148835-6-0-0.wav,148835,1.440367,2.259399,1,6,6,gun_shot
2051,148835-6-1-0.wav,148835,2.259399,3.202698,1,6,6,gun_shot
2052,148835-6-2-0.wav,148835,4.275913,5.546825,1,6,6,gun_shot
2053,148835-6-3-0.wav,148835,5.546825,7.038028,1,6,6,gun_shot
2054,148835-6-4-0.wav,148835,9.252239,9.952653,1,6,6,gun_shot
2055,148837-6-0-0.wav,148837,0.564257,1.7722790000000002,1,4,6,gun_shot
2056,148837-6-1-0.wav,148837,1.7722790000000002,2.9597830000000003,1,4,6,gun_shot
2057,148837-6-2-0.wav,148837,2.9597830000000003,4.424286,1,4,6,gun_shot
2058,148838-6-0-0.wav,148838,0.248919,1.270571,1,3,6,gun_shot
2059,148838-6-1-0.wav,148838,1.270571,2.476207,1,3,6,gun_shot
2060,148838-6-2-0.wav,148838,2.584432,3.813878,1,3,6,gun_shot
2061,148841-6-0-0.wav,148841,0.722118,2.2456110000000002,1,5,6,gun_shot
2062,148841-6-1-0.wav,148841,6.120392,7.450146000000001,1,5,6,gun_shot
2063,148841-6-2-0.wav,148841,9.132153,10.787741,1,5,6,gun_shot
2064,149177-6-0-0.wav,149177,0.0,0.8167800000000001,1,2,6,gun_shot
2065,149193-5-0-0.wav,149193,0.0,4.0,1,7,5,engine_idling
2066,149193-5-0-1.wav,149193,0.5,4.5,1,7,5,engine_idling
2067,149193-5-0-2.wav,149193,1.0,5.0,1,7,5,engine_idling
2068,149193-5-0-3.wav,149193,1.5,5.5,1,7,5,engine_idling
2069,149193-5-0-4.wav,149193,2.0,6.0,1,7,5,engine_idling
2070,149193-5-0-5.wav,149193,2.5,6.5,1,7,5,engine_idling
2109,151065-6-0-0.wav,151065,0.162737,1.759161,1,7,6,gun_shot
2110,151069-6-0-0.wav,151069,0.018056,1.871429,1,8,6,gun_shot
2111,151071-6-0-0.wav,151071,0.018986000000000003,1.7607259999999998,1,3,6,gun_shot
2120,151359-1-0-0.wav,151359,5.038068,5.180168,1,3,1,car_horn
2121,151359-1-1-0.wav,151359,9.100817999999999,9.255836,1,3,1,car_horn
2122,151359-1-2-0.wav,151359,11.322735,11.419621000000001,1,3,1,car_horn
2123,151359-1-3-0.wav,151359,13.777179,13.886982999999999,1,3,1,car_horn
2124,151877-5-0-0.wav,151877,1.597715,3.007464,1,4,5,engine_idling
2125,151877-5-1-0.wav,151877,19.423205,23.423205,1,4,5,engine_idling
2150,152908-5-0-0.wav,152908,0.0,4.0,1,2,5,engine_idling
2151,152908-5-0-1.wav,152908,0.5,4.5,1,2,5,engine_idling
2152,152908-5-0-10.wav,152908,5.0,9.0,1,2,5,engine_idling
2153,152908-5-0-11.wav,152908,5.5,9.5,1,2,5,engine_idling
2154,152908-5-0-12.wav,152908,6.0,10.0,1,2,5,engine_idling
2155,152908-5-0-13.wav,152908,6.5,10.5,1,2,5,engine_idling
2156,152908-5-0-2.wav,152908,1.0,5.0,1,2,5,engine_idling
2157,152908-5-0-3.wav,152908,1.5,5.5,1,2,5,engine_idling
2158,152908-5-0-4.wav,152908,2.0,6.0,1,2,5,engine_idling
2159,152908-5-0-5.wav,152908,2.5,6.5,1,2,5,engine_idling
2160,152908-5-0-6.wav,152908,3.0,7.0,1,2,5,engine_idling
2161,152908-5-0-7.wav,152908,3.5,7.5,1,2,5,engine_idling
2162,152908-5-0-8.wav,152908,4.0,8.0,1,2,5,engine_idling
2163,152908-5-0-9.wav,152908,4.5,8.5,1,2,5,engine_idling
2164,153057-1-0-0.wav,153057,0.284091,1.3831360000000001,1,7,1,car_horn
2174,154758-5-0-0.wav,154758,0.0,4.0,1,4,5,engine_idling
2175,154758-5-0-1.wav,154758,0.5,4.5,1,4,5,engine_idling
2176,154758-5-0-10.wav,154758,5.0,9.0,1,4,5,engine_idling
2177,154758-5-0-11.wav,154758,5.5,9.5,1,4,5,engine_idling
2178,154758-5-0-12.wav,154758,6.0,10.0,1,4,5,engine_idling
2179,154758-5-0-13.wav,154758,6.5,10.5,1,4,5,engine_idling
2180,154758-5-0-14.wav,154758,7.0,11.0,1,4,5,engine_idling
2181,154758-5-0-15.wav,154758,7.5,11.5,1,4,5,engine_idling
2182,154758-5-0-16.wav,154758,8.0,12.0,1,4,5,engine_idling
2183,154758-5-0-17.wav,154758,8.5,12.5,1,4,5,engine_idling
2184,154758-5-0-18.wav,154758,9.0,13.0,1,4,5,engine_idling
2185,154758-5-0-19.wav,154758,9.5,13.5,1,4,5,engine_idling
2186,154758-5-0-2.wav,154758,1.0,5.0,1,4,5,engine_idling
2187,154758-5-0-20.wav,154758,10.0,14.0,1,4,5,engine_idling
2188,154758-5-0-21.wav,154758,10.5,14.5,1,4,5,engine_idling
2189,154758-5-0-3.wav,154758,1.5,5.5,1,4,5,engine_idling
2190,154758-5-0-4.wav,154758,2.0,6.0,1,4,5,engine_idling
2191,154758-5-0-5.wav,154758,2.5,6.5,1,4,5,engine_idling
2192,154758-5-0-6.wav,154758,3.0,7.0,1,4,5,engine_idling
2193,154758-5-0-7.wav,154758,3.5,7.5,1,4,5,engine_idling
2194,154758-5-0-8.wav,154758,4.0,8.0,1,4,5,engine_idling
2195,154758-5-0-9.wav,154758,4.5,8.5,1,4,5,engine_idling
2208,155129-1-0-0.wav,155129,13.299686999999999,13.403296,1,2,1,car_horn
2209,155129-1-1-0.wav,155129,13.702351,13.860120000000002,1,2,1,car_horn
2210,155129-1-2-0.wav,155129,296.18928,298.38990099999995,2,2,1,car_horn
2211,155130-1-0-0.wav,155130,38.257548,38.430375,1,9,1,car_horn
2212,155130-1-1-0.wav,155130,71.566281,72.244063,1,9,1,car_horn
2245,155234-1-0-0.wav,155234,101.719854,103.833373,2,2,1,car_horn
2296,155283-1-0-0.wav,155283,95.455122,96.061195,2,8,1,car_horn
2297,155283-1-1-0.wav,155283,401.371559,402.010695,2,8,1,car_horn
2314,15544-5-0-0.wav,15544,29.266659999999998,33.266659999999995,1,10,5,engine_idling
2315,15544-5-0-1.wav,15544,29.766659999999998,33.766659999999995,1,10,5,engine_idling
2316,15544-5-0-10.wav,15544,34.266659999999995,38.266659999999995,1,10,5,engine_idling
2317,15544-5-0-11.wav,15544,34.766659999999995,38.766659999999995,1,10,5,engine_idling
2318,15544-5-0-12.wav,15544,35.266659999999995,39.266659999999995,1,10,5,engine_idling
2319,15544-5-0-13.wav,15544,35.766659999999995,39.766659999999995,1,10,5,engine_idling
2320,15544-5-0-14.wav,15544,36.266659999999995,40.266659999999995,1,10,5,engine_idling
2321,15544-5-0-15.wav,15544,36.766659999999995,40.766659999999995,1,10,5,engine_idling
2322,15544-5-0-16.wav,15544,37.266659999999995,41.266659999999995,1,10,5,engine_idling
2323,15544-5-0-17.wav,15544,37.766659999999995,41.766659999999995,1,10,5,engine_idling
2324,15544-5-0-18.wav,15544,38.266659999999995,42.266659999999995,1,10,5,engine_idling
2325,15544-5-0-19.wav,15544,38.766659999999995,42.766659999999995,1,10,5,engine_idling
2326,15544-5-0-2.wav,15544,30.266659999999998,34.266659999999995,1,10,5,engine_idling
2327,15544-5-0-3.wav,15544,30.766659999999998,34.766659999999995,1,10,5,engine_idling
2328,15544-5-0-4.wav,15544,31.266659999999998,35.266659999999995,1,10,5,engine_idling
2329,15544-5-0-5.wav,15544,31.766659999999998,35.766659999999995,1,10,5,engine_idling
2330,15544-5-0-6.wav,15544,32.266659999999995,36.266659999999995,1,10,5,engine_idling
2331,15544-5-0-7.wav,15544,32.766659999999995,36.766659999999995,1,10,5,engine_idling
2332,15544-5-0-8.wav,15544,33.266659999999995,37.266659999999995,1,10,5,engine_idling
2333,15544-5-0-9.wav,15544,33.766659999999995,37.766659999999995,1,10,5,engine_idling
2341,156091-1-0-0.wav,156091,1.1755950000000002,2.9223,2,7,1,car_horn
2342,156194-1-0-0.wav,156194,0.0,0.25208600000000003,2,1,1,car_horn
2344,156358-5-0-0.wav,156358,5.547216000000001,9.547216,1,8,5,engine_idling
2345,156358-5-0-1.wav,156358,6.047216000000001,10.047216,1,8,5,engine_idling
2346,156358-5-0-2.wav,156358,6.547216000000001,10.547216,1,8,5,engine_idling
2347,156358-5-0-3.wav,156358,7.047216000000001,11.047216,1,8,5,engine_idling
2348,156358-5-0-4.wav,156358,7.547216000000001,11.547216,1,8,5,engine_idling
2349,156358-5-0-5.wav,156358,8.047216,12.047216,1,8,5,engine_idling
2350,156358-5-0-6.wav,156358,8.547216,12.547216,1,8,5,engine_idling
2371,156634-5-0-0.wav,156634,0.0,4.0,1,5,5,engine_idling
2372,156634-5-0-1.wav,156634,0.5,4.5,1,5,5,engine_idling
2373,156634-5-0-10.wav,156634,5.0,9.0,1,5,5,engine_idling
2374,156634-5-0-11.wav,156634,5.5,9.5,1,5,5,engine_idling
2375,156634-5-0-12.wav,156634,6.0,10.0,1,5,5,engine_idling
2376,156634-5-0-2.wav,156634,1.0,5.0,1,5,5,engine_idling
2377,156634-5-0-3.wav,156634,1.5,5.5,1,5,5,engine_idling
2378,156634-5-0-4.wav,156634,2.0,6.0,1,5,5,engine_idling
2379,156634-5-0-5.wav,156634,2.5,6.5,1,5,5,engine_idling
2380,156634-5-0-6.wav,156634,3.0,7.0,1,5,5,engine_idling
2381,156634-5-0-7.wav,156634,3.5,7.5,1,5,5,engine_idling
2382,156634-5-0-8.wav,156634,4.0,8.0,1,5,5,engine_idling
2383,156634-5-0-9.wav,156634,4.5,8.5,1,5,5,engine_idling
2384,156634-5-1-0.wav,156634,32.465057,36.465057,1,5,5,engine_idling
2385,156634-5-2-0.wav,156634,42.99745,46.99745,1,5,5,engine_idling
2386,156634-5-2-1.wav,156634,43.49745,47.49745,1,5,5,engine_idling
2387,156634-5-2-2.wav,156634,43.99745,47.99745,1,5,5,engine_idling
2388,156634-5-2-3.wav,156634,44.49745,48.49745,1,5,5,engine_idling
2389,156634-5-2-4.wav,156634,44.99745,48.99745,1,5,5,engine_idling
2390,156634-5-2-5.wav,156634,45.49745,49.49745,1,5,5,engine_idling
2391,156634-5-2-6.wav,156634,45.99745,49.99745,1,5,5,engine_idling
2392,156634-5-2-7.wav,156634,46.49745,50.49745,1,5,5,engine_idling
2393,156634-5-2-8.wav,156634,46.99745,50.99745,1,5,5,engine_idling
2394,156868-8-0-0.wav,156868,0.29819,1.043666,1,4,8,siren
2395,156868-8-1-0.wav,156868,2.094109,3.022564,1,4,8,siren
2396,156868-8-2-0.wav,156868,3.3953019999999996,3.9984599999999997,1,4,8,siren
2397,156868-8-3-0.wav,156868,4.994686,5.58429,1,4,8,siren
2398,156868-8-4-0.wav,156868,6.905814,7.5021949999999995,1,4,8,siren
2399,156869-8-0-0.wav,156869,4.650289,8.650289,1,5,8,siren
2400,156869-8-0-1.wav,156869,5.150289,9.150289,1,5,8,siren
2401,156869-8-0-10.wav,156869,9.650289,13.650289,1,5,8,siren
2402,156869-8-0-11.wav,156869,10.150289,14.150289,1,5,8,siren
2403,156869-8-0-2.wav,156869,5.650289,9.650289,1,5,8,siren
2404,156869-8-0-3.wav,156869,6.150289,10.150289,1,5,8,siren
2405,156869-8-0-4.wav,156869,6.650289,10.650289,1,5,8,siren
2406,156869-8-0-5.wav,156869,7.150289,11.150289,1,5,8,siren
2407,156869-8-0-6.wav,156869,7.650289,11.650289,1,5,8,siren
2408,156869-8-0-7.wav,156869,8.150289,12.150289,1,5,8,siren
2409,156869-8-0-8.wav,156869,8.650289,12.650289,1,5,8,siren
2410,156869-8-0-9.wav,156869,9.150289,13.150289,1,5,8,siren
2423,156897-6-0-0.wav,156897,1.24645,4.686652,1,4,6,gun_shot
2424,157207-6-0-0.wav,157207,0.165287,3.093233,1,10,6,gun_shot
2425,157207-6-1-0.wav,157207,3.376583,6.576072999999999,1,10,6,gun_shot
2426,157207-6-10-0.wav,157207,18.830944,20.802585,1,10,6,gun_shot
2427,157207-6-2-0.wav,157207,8.335201,9.504019,1,10,6,gun_shot
2428,157207-6-3-0.wav,157207,9.504019,10.401292999999999,1,10,6,gun_shot
2429,157207-6-4-0.wav,157207,10.401292999999999,11.345791,1,10,6,gun_shot
2430,157207-6-5-0.wav,157207,11.345791,13.423689000000001,1,10,6,gun_shot
2431,157207-6-6-0.wav,157207,13.423689000000001,14.686956,1,10,6,gun_shot
2432,157207-6-7-0.wav,157207,14.686956,15.702292000000002,1,10,6,gun_shot
2433,157207-6-8-0.wav,157207,15.702292000000002,16.741239999999998,1,10,6,gun_shot
2434,157207-6-9-0.wav,157207,16.741239999999998,18.830944,1,10,6,gun_shot
2439,157648-8-0-0.wav,157648,18.799126,22.799126,2,5,8,siren
2448,157799-6-0-0.wav,157799,0.0,2.272653,1,4,6,gun_shot
2449,157800-6-0-0.wav,157800,0.0,1.1493879999999999,1,10,6,gun_shot
2450,157801-6-0-0.wav,157801,0.0,2.533878,1,9,6,gun_shot
2451,157866-8-0-0.wav,157866,0.0,4.0,1,9,8,siren
2452,157866-8-0-1.wav,157866,0.5,4.5,1,9,8,siren
2453,157866-8-0-10.wav,157866,5.0,9.0,1,9,8,siren
2454,157866-8-0-11.wav,157866,5.5,9.5,1,9,8,siren
2455,157866-8-0-12.wav,157866,6.0,10.0,1,9,8,siren
2456,157866-8-0-13.wav,157866,6.5,10.5,1,9,8,siren
2457,157866-8-0-14.wav,157866,7.0,11.0,1,9,8,siren
2458,157866-8-0-15.wav,157866,7.5,11.5,1,9,8,siren
2459,157866-8-0-16.wav,157866,8.0,12.0,1,9,8,siren
2460,157866-8-0-17.wav,157866,8.5,12.5,1,9,8,siren
2461,157866-8-0-18.wav,157866,9.0,13.0,1,9,8,siren
2462,157866-8-0-19.wav,157866,9.5,13.5,1,9,8,siren
2463,157866-8-0-2.wav,157866,1.0,5.0,1,9,8,siren
2464,157866-8-0-20.wav,157866,10.0,14.0,1,9,8,siren
2465,157866-8-0-21.wav,157866,10.5,14.5,1,9,8,siren
2466,157866-8-0-22.wav,157866,11.0,15.0,1,9,8,siren
2467,157866-8-0-23.wav,157866,11.5,15.5,1,9,8,siren
2468,157866-8-0-24.wav,157866,12.0,16.0,1,9,8,siren
2469,157866-8-0-25.wav,157866,12.5,16.5,1,9,8,siren
2470,157866-8-0-26.wav,157866,13.0,17.0,1,9,8,siren
2471,157866-8-0-27.wav,157866,13.5,17.5,1,9,8,siren
2472,157866-8-0-3.wav,157866,1.5,5.5,1,9,8,siren
2473,157866-8-0-4.wav,157866,2.0,6.0,1,9,8,siren
2474,157866-8-0-5.wav,157866,2.5,6.5,1,9,8,siren
2475,157866-8-0-6.wav,157866,3.0,7.0,1,9,8,siren
2476,157866-8-0-7.wav,157866,3.5,7.5,1,9,8,siren
2477,157866-8-0-8.wav,157866,4.0,8.0,1,9,8,siren
2478,157866-8-0-9.wav,157866,4.5,8.5,1,9,8,siren
2479,157867-8-0-0.wav,157867,0.0,4.0,1,1,8,siren
2480,157867-8-0-1.wav,157867,0.5,4.5,1,1,8,siren
2481,157867-8-0-10.wav,157867,5.0,9.0,1,1,8,siren
2482,157867-8-0-11.wav,157867,5.5,9.5,1,1,8,siren
2483,157867-8-0-12.wav,157867,6.0,10.0,1,1,8,siren
2484,157867-8-0-13.wav,157867,6.5,10.5,1,1,8,siren
2485,157867-8-0-14.wav,157867,7.0,11.0,1,1,8,siren
2486,157867-8-0-15.wav,157867,7.5,11.5,1,1,8,siren
2487,157867-8-0-16.wav,157867,8.0,12.0,1,1,8,siren
2488,157867-8-0-17.wav,157867,8.5,12.5,1,1,8,siren
2489,157867-8-0-18.wav,157867,9.0,13.0,1,1,8,siren
2490,157867-8-0-19.wav,157867,9.5,13.5,1,1,8,siren
2491,157867-8-0-2.wav,157867,1.0,5.0,1,1,8,siren
2492,157867-8-0-20.wav,157867,10.0,14.0,1,1,8,siren
2493,157867-8-0-21.wav,157867,10.5,14.5,1,1,8,siren
2494,157867-8-0-22.wav,157867,11.0,15.0,1,1,8,siren
2495,157867-8-0-23.wav,157867,11.5,15.5,1,1,8,siren
2496,157867-8-0-24.wav,157867,12.0,16.0,1,1,8,siren
2497,157867-8-0-25.wav,157867,12.5,16.5,1,1,8,siren
2498,157867-8-0-26.wav,157867,13.0,17.0,1,1,8,siren
2499,157867-8-0-27.wav,157867,13.5,17.5,1,1,8,siren
2500,157867-8-0-28.wav,157867,14.0,18.0,1,1,8,siren
2501,157867-8-0-3.wav,157867,1.5,5.5,1,1,8,siren
2502,157867-8-0-4.wav,157867,2.0,6.0,1,1,8,siren
2503,157867-8-0-5.wav,157867,2.5,6.5,1,1,8,siren
2504,157867-8-0-6.wav,157867,3.0,7.0,1,1,8,siren
2505,157867-8-0-7.wav,157867,3.5,7.5,1,1,8,siren
2506,157867-8-0-8.wav,157867,4.0,8.0,1,1,8,siren
2507,157867-8-0-9.wav,157867,4.5,8.5,1,1,8,siren
2508,157868-8-0-0.wav,157868,0.0,4.0,1,8,8,siren
2509,157868-8-0-1.wav,157868,0.5,4.5,1,8,8,siren
2510,157868-8-0-10.wav,157868,5.0,9.0,1,8,8,siren
2511,157868-8-0-11.wav,157868,5.5,9.5,1,8,8,siren
2512,157868-8-0-12.wav,157868,6.0,10.0,1,8,8,siren
2513,157868-8-0-13.wav,157868,6.5,10.5,1,8,8,siren
2514,157868-8-0-14.wav,157868,7.0,11.0,1,8,8,siren
2515,157868-8-0-15.wav,157868,7.5,11.5,1,8,8,siren
2516,157868-8-0-16.wav,157868,8.0,12.0,1,8,8,siren
2517,157868-8-0-17.wav,157868,8.5,12.5,1,8,8,siren
2518,157868-8-0-18.wav,157868,9.0,13.0,1,8,8,siren
2519,157868-8-0-19.wav,157868,9.5,13.5,1,8,8,siren
2520,157868-8-0-2.wav,157868,1.0,5.0,1,8,8,siren
2521,157868-8-0-20.wav,157868,10.0,14.0,1,8,8,siren
2522,157868-8-0-21.wav,157868,10.5,14.5,1,8,8,siren
2523,157868-8-0-22.wav,157868,11.0,15.0,1,8,8,siren
2524,157868-8-0-23.wav,157868,11.5,15.5,1,8,8,siren
2525,157868-8-0-24.wav,157868,12.0,16.0,1,8,8,siren
2526,157868-8-0-25.wav,157868,12.5,16.5,1,8,8,siren
2527,157868-8-0-26.wav,157868,13.0,17.0,1,8,8,siren
2528,157868-8-0-27.wav,157868,13.5,17.5,1,8,8,siren
2529,157868-8-0-3.wav,157868,1.5,5.5,1,8,8,siren
2530,157868-8-0-4.wav,157868,2.0,6.0,1,8,8,siren
2531,157868-8-0-5.wav,157868,2.5,6.5,1,8,8,siren
2532,157868-8-0-6.wav,157868,3.0,7.0,1,8,8,siren
2533,157868-8-0-7.wav,157868,3.5,7.5,1,8,8,siren
2534,157868-8-0-8.wav,157868,4.0,8.0,1,8,8,siren
2535,157868-8-0-9.wav,157868,4.5,8.5,1,8,8,siren
2561,158608-8-0-0.wav,158608,7.309707,11.309707000000001,2,4,8,siren
2562,158608-8-0-1.wav,158608,7.809707,11.809707000000001,2,4,8,siren
2563,158608-8-0-10.wav,158608,12.309707000000001,16.309707,2,4,8,siren
2564,158608-8-0-2.wav,158608,8.309707000000001,12.309707000000001,2,4,8,siren
2565,158608-8-0-3.wav,158608,8.809707000000001,12.809707000000001,2,4,8,siren
2566,158608-8-0-4.wav,158608,9.309707000000001,13.309707000000001,2,4,8,siren
2567,158608-8-0-5.wav,158608,9.809707000000001,13.809707000000001,2,4,8,siren
2568,158608-8-0-6.wav,158608,10.309707000000001,14.309707000000001,2,4,8,siren
2569,158608-8-0-7.wav,158608,10.809707000000001,14.809707000000001,2,4,8,siren
2570,158608-8-0-8.wav,158608,11.309707000000001,15.309707000000001,2,4,8,siren
2571,158608-8-0-9.wav,158608,11.809707000000001,15.809707000000001,2,4,8,siren
2572,158977-6-0-0.wav,158977,0.0,1.8865619999999999,1,4,6,gun_shot
2573,158978-6-0-0.wav,158978,0.0,1.737542,1,7,6,gun_shot
2574,158979-6-0-0.wav,158979,0.155453,2.512917,1,6,6,gun_shot
2583,159701-6-0-0.wav,159701,0.080091,1.978243,1,5,6,gun_shot
2584,159701-6-1-0.wav,159701,1.978243,4.020558,1,5,6,gun_shot
2585,159701-6-2-0.wav,159701,4.020558,5.582329,1,5,6,gun_shot
2586,159701-6-3-0.wav,159701,5.582329,7.3363179999999995,1,5,6,gun_shot
2587,159701-6-4-0.wav,159701,7.3363179999999995,9.650942,1,5,6,gun_shot
2588,159701-6-5-0.wav,159701,9.650942,12.093712,1,5,6,gun_shot
2589,159701-6-6-0.wav,159701,12.093712,14.112,1,5,6,gun_shot
2590,159702-6-0-0.wav,159702,0.0,0.597821,1,6,6,gun_shot
2591,159702-6-1-0.wav,159702,0.597821,1.174665,1,6,6,gun_shot
2592,159702-6-2-0.wav,159702,1.174665,1.76899,1,6,6,gun_shot
2593,159702-6-3-0.wav,159702,1.76899,2.405267,1,6,6,gun_shot
2594,159702-6-4-0.wav,159702,2.405267,3.003087,1,6,6,gun_shot
2595,159702-6-5-0.wav,159702,3.003087,3.6218839999999997,1,6,6,gun_shot
2596,159702-6-6-0.wav,159702,3.6218839999999997,5.705516,1,6,6,gun_shot
2597,159703-6-0-0.wav,159703,0.0,1.8719999999999999,1,5,6,gun_shot
2598,159704-6-0-0.wav,159704,0.12534800000000001,2.096345,1,6,6,gun_shot
2599,159705-6-0-0.wav,159705,0.071101,1.387787,1,7,6,gun_shot
2600,159706-6-0-0.wav,159706,0.19564700000000002,1.8254439999999998,1,8,6,gun_shot
2601,159707-6-0-0.wav,159707,0.0,2.132946,1,9,6,gun_shot
2602,159708-6-0-0.wav,159708,0.0,0.339735,1,7,6,gun_shot
2603,159708-6-1-0.wav,159708,0.339735,0.6251680000000001,1,7,6,gun_shot
2604,159708-6-2-0.wav,159708,0.6251680000000001,0.9147790000000001,1,7,6,gun_shot
2605,159708-6-3-0.wav,159708,0.9147790000000001,1.214135,1,7,6,gun_shot
2606,159708-6-4-0.wav,159708,1.214135,1.516277,1,7,6,gun_shot
2607,159708-6-5-0.wav,159708,1.516277,1.8225959999999999,1,7,6,gun_shot
2608,159708-6-6-0.wav,159708,1.8225959999999999,2.453333,1,7,6,gun_shot
2609,159709-6-0-0.wav,159709,0.0,1.92,1,10,6,gun_shot
2610,159710-6-0-0.wav,159710,0.031546,1.204005,1,2,6,gun_shot
2621,159738-8-0-0.wav,159738,0.746987,4.746987,2,1,8,siren
2622,159738-8-0-1.wav,159738,1.246987,5.246987,2,1,8,siren
2623,159738-8-0-10.wav,159738,5.746987,9.746986999999999,2,1,8,siren
2624,159738-8-0-11.wav,159738,6.246987,10.246986999999999,2,1,8,siren
2625,159738-8-0-12.wav,159738,6.746987,10.746986999999999,2,1,8,siren
2626,159738-8-0-13.wav,159738,7.246987,11.246986999999999,2,1,8,siren
2627,159738-8-0-14.wav,159738,7.746987,11.746986999999999,2,1,8,siren
2628,159738-8-0-15.wav,159738,8.246986999999999,12.246986999999999,2,1,8,siren
2629,159738-8-0-16.wav,159738,8.746986999999999,12.746986999999999,2,1,8,siren
2630,159738-8-0-17.wav,159738,9.246986999999999,13.246986999999999,2,1,8,siren
2631,159738-8-0-18.wav,159738,9.746986999999999,13.746986999999999,2,1,8,siren
2632,159738-8-0-19.wav,159738,10.246986999999999,14.246986999999999,2,1,8,siren
2633,159738-8-0-2.wav,159738,1.7469869999999998,5.746987,2,1,8,siren
2634,159738-8-0-3.wav,159738,2.246987,6.246987,2,1,8,siren
2635,159738-8-0-4.wav,159738,2.746987,6.746987,2,1,8,siren
2636,159738-8-0-5.wav,159738,3.246987,7.246987,2,1,8,siren
2637,159738-8-0-6.wav,159738,3.7469870000000003,7.746987,2,1,8,siren
2638,159738-8-0-7.wav,159738,4.246987,8.246986999999999,2,1,8,siren
2639,159738-8-0-8.wav,159738,4.746987,8.746986999999999,2,1,8,siren
2640,159738-8-0-9.wav,159738,5.246987,9.246986999999999,2,1,8,siren
2641,159742-8-0-0.wav,159742,0.129945,4.129944999999999,2,10,8,siren
2642,159742-8-0-1.wav,159742,0.629945,4.629944999999999,2,10,8,siren
2643,159742-8-0-10.wav,159742,5.129944999999999,9.129945,2,10,8,siren
2644,159742-8-0-11.wav,159742,5.629944999999999,9.629945,2,10,8,siren
2645,159742-8-0-12.wav,159742,6.129944999999999,10.129945,2,10,8,siren
2646,159742-8-0-13.wav,159742,6.629944999999999,10.629945,2,10,8,siren
2647,159742-8-0-14.wav,159742,7.129944999999999,11.129945,2,10,8,siren
2648,159742-8-0-2.wav,159742,1.129945,5.129944999999999,2,10,8,siren
2649,159742-8-0-3.wav,159742,1.629945,5.629944999999999,2,10,8,siren
2650,159742-8-0-4.wav,159742,2.129945,6.129944999999999,2,10,8,siren
2651,159742-8-0-5.wav,159742,2.629945,6.629944999999999,2,10,8,siren
2652,159742-8-0-6.wav,159742,3.129945,7.129944999999999,2,10,8,siren
2653,159742-8-0-7.wav,159742,3.6299449999999998,7.629944999999999,2,10,8,siren
2654,159742-8-0-8.wav,159742,4.129944999999999,8.129945,2,10,8,siren
2655,159742-8-0-9.wav,159742,4.629944999999999,8.629945,2,10,8,siren
2656,159743-8-0-0.wav,159743,1.313835,5.313835,1,2,8,siren
2657,159744-8-0-0.wav,159744,0.0,4.0,2,9,8,siren
2658,159744-8-0-1.wav,159744,0.5,4.5,2,9,8,siren
2659,159744-8-0-10.wav,159744,5.0,9.0,2,9,8,siren
2660,159744-8-0-11.wav,159744,5.5,9.5,2,9,8,siren
2661,159744-8-0-12.wav,159744,6.0,10.0,2,9,8,siren
2662,159744-8-0-13.wav,159744,6.5,10.5,2,9,8,siren
2663,159744-8-0-2.wav,159744,1.0,5.0,2,9,8,siren
2664,159744-8-0-3.wav,159744,1.5,5.5,2,9,8,siren
2665,159744-8-0-4.wav,159744,2.0,6.0,2,9,8,siren
2666,159744-8-0-5.wav,159744,2.5,6.5,2,9,8,siren
2667,159744-8-0-6.wav,159744,3.0,7.0,2,9,8,siren
2668,159744-8-0-7.wav,159744,3.5,7.5,2,9,8,siren
2669,159744-8-0-8.wav,159744,4.0,8.0,2,9,8,siren
2670,159744-8-0-9.wav,159744,4.5,8.5,2,9,8,siren
2671,159745-8-0-0.wav,159745,0.291412,1.6999060000000001,1,9,8,siren
2672,159745-8-1-0.wav,159745,1.6999060000000001,5.6999059999999995,2,9,8,siren
2673,159745-8-1-1.wav,159745,2.199906,6.1999059999999995,2,9,8,siren
2674,159745-8-1-2.wav,159745,2.699906,6.6999059999999995,2,9,8,siren
2675,159745-8-1-3.wav,159745,3.199906,7.1999059999999995,2,9,8,siren
2676,159745-8-1-4.wav,159745,3.699906,7.6999059999999995,2,9,8,siren
2677,159745-8-1-5.wav,159745,4.1999059999999995,8.199906,2,9,8,siren
2678,159745-8-1-6.wav,159745,4.6999059999999995,8.699906,2,9,8,siren
2679,159745-8-1-7.wav,159745,5.1999059999999995,9.199906,2,9,8,siren
2680,159747-8-0-0.wav,159747,2.283772,6.283772,2,2,8,siren
2681,159747-8-0-1.wav,159747,2.783772,6.783772,2,2,8,siren
2682,159747-8-0-10.wav,159747,7.283772,11.283772,2,2,8,siren
2683,159747-8-0-11.wav,159747,7.783772,11.783772,2,2,8,siren
2684,159747-8-0-12.wav,159747,8.283772,12.283772,2,2,8,siren
2685,159747-8-0-13.wav,159747,8.783772,12.783772,2,2,8,siren
2686,159747-8-0-14.wav,159747,9.283772,13.283772,2,2,8,siren
2687,159747-8-0-15.wav,159747,9.783772,13.783772,2,2,8,siren
2688,159747-8-0-16.wav,159747,10.283772,14.283772,2,2,8,siren
2689,159747-8-0-17.wav,159747,10.783772,14.783772,2,2,8,siren
2690,159747-8-0-18.wav,159747,11.283772,15.283772,2,2,8,siren
2691,159747-8-0-19.wav,159747,11.783772,15.783772,2,2,8,siren
2692,159747-8-0-2.wav,159747,3.283772,7.283772,2,2,8,siren
2693,159747-8-0-20.wav,159747,12.283772,16.283772,2,2,8,siren
2694,159747-8-0-21.wav,159747,12.783772,16.783772,2,2,8,siren
2695,159747-8-0-3.wav,159747,3.783772,7.783772,2,2,8,siren
2696,159747-8-0-4.wav,159747,4.283772,8.283772,2,2,8,siren
2697,159747-8-0-5.wav,159747,4.783772,8.783772,2,2,8,siren
2698,159747-8-0-6.wav,159747,5.283772,9.283772,2,2,8,siren
2699,159747-8-0-7.wav,159747,5.783772,9.783772,2,2,8,siren
2700,159747-8-0-8.wav,159747,6.283772,10.283772,2,2,8,siren
2701,159747-8-0-9.wav,159747,6.783772,10.783772,2,2,8,siren
2702,159748-8-0-0.wav,159748,0.0,4.0,1,9,8,siren
2703,159748-8-0-1.wav,159748,0.5,4.5,1,9,8,siren
2704,159748-8-0-2.wav,159748,1.0,5.0,1,9,8,siren
2705,159748-8-0-3.wav,159748,1.5,5.5,1,9,8,siren
2706,159748-8-0-4.wav,159748,2.0,6.0,1,9,8,siren
2707,159748-8-0-5.wav,159748,2.5,6.5,1,9,8,siren
2708,159748-8-0-6.wav,159748,3.0,7.0,1,9,8,siren
2709,159748-8-0-7.wav,159748,3.5,7.5,1,9,8,siren
2710,159748-8-0-8.wav,159748,4.0,8.0,1,9,8,siren
2711,159748-8-0-9.wav,159748,4.5,8.5,1,9,8,siren
2712,159748-8-1-0.wav,159748,24.303031,25.931375,1,9,8,siren
2713,159748-8-2-0.wav,159748,30.287195,34.287195000000004,1,9,8,siren
2714,159748-8-2-1.wav,159748,30.787195,34.787195000000004,1,9,8,siren
2715,159748-8-2-2.wav,159748,31.287195,35.287195000000004,1,9,8,siren
2716,159748-8-2-3.wav,159748,31.787195,35.787195000000004,1,9,8,siren
2717,159748-8-2-4.wav,159748,32.287195000000004,36.287195000000004,1,9,8,siren
2718,159748-8-2-5.wav,159748,32.787195000000004,36.787195000000004,1,9,8,siren
2719,159748-8-2-6.wav,159748,33.287195000000004,37.287195000000004,1,9,8,siren
2720,159748-8-2-7.wav,159748,33.787195000000004,37.787195000000004,1,9,8,siren
2721,159748-8-2-8.wav,159748,34.287195000000004,38.287195000000004,1,9,8,siren
2722,159750-8-0-0.wav,159750,0.749887,4.749887,1,2,8,siren
2723,159750-8-0-1.wav,159750,1.249887,5.249887,1,2,8,siren
2724,159750-8-0-2.wav,159750,1.749887,5.749887,1,2,8,siren
2725,159750-8-0-3.wav,159750,2.2498869999999997,6.249887,1,2,8,siren
2726,159750-8-0-4.wav,159750,2.7498869999999997,6.749886999999999,1,2,8,siren
2727,159750-8-0-5.wav,159750,3.2498869999999997,7.249886999999999,1,2,8,siren
2728,159750-8-0-6.wav,159750,3.749887,7.749886999999999,1,2,8,siren
2729,159750-8-0-7.wav,159750,4.249887,8.249887,1,2,8,siren
2730,159750-8-0-8.wav,159750,4.749887,8.749887,1,2,8,siren
2731,159751-8-0-0.wav,159751,1.150495,5.150494999999999,2,4,8,siren
2732,159751-8-0-1.wav,159751,1.650495,5.650494999999999,2,4,8,siren
2733,159751-8-0-10.wav,159751,6.150494999999999,10.150495,2,4,8,siren
2734,159751-8-0-11.wav,159751,6.650494999999999,10.650495,2,4,8,siren
2735,159751-8-0-12.wav,159751,7.150494999999999,11.150495,2,4,8,siren
2736,159751-8-0-13.wav,159751,7.650494999999999,11.650495,2,4,8,siren
2737,159751-8-0-14.wav,159751,8.150495,12.150495,2,4,8,siren
2738,159751-8-0-15.wav,159751,8.650495,12.650495,2,4,8,siren
2739,159751-8-0-16.wav,159751,9.150495,13.150495000000001,2,4,8,siren
2740,159751-8-0-17.wav,159751,9.650495,13.650495000000001,2,4,8,siren
2741,159751-8-0-18.wav,159751,10.150495,14.150495000000001,2,4,8,siren
2742,159751-8-0-19.wav,159751,10.650495,14.650495000000001,2,4,8,siren
2743,159751-8-0-2.wav,159751,2.1504950000000003,6.150494999999999,2,4,8,siren
2744,159751-8-0-20.wav,159751,11.150495,15.150495000000001,2,4,8,siren
2745,159751-8-0-21.wav,159751,11.650495,15.650495000000001,2,4,8,siren
2746,159751-8-0-3.wav,159751,2.6504950000000003,6.650494999999999,2,4,8,siren
2747,159751-8-0-4.wav,159751,3.1504950000000003,7.150494999999999,2,4,8,siren
2748,159751-8-0-5.wav,159751,3.650495,7.650494999999999,2,4,8,siren
2749,159751-8-0-6.wav,159751,4.150494999999999,8.150495,2,4,8,siren
2750,159751-8-0-7.wav,159751,4.650494999999999,8.650495,2,4,8,siren
2751,159751-8-0-8.wav,159751,5.150494999999999,9.150495,2,4,8,siren
2752,159751-8-0-9.wav,159751,5.650494999999999,9.650495,2,4,8,siren
2753,159752-8-0-0.wav,159752,0.0,4.0,2,4,8,siren
2754,159752-8-0-1.wav,159752,0.5,4.5,2,4,8,siren
2755,159752-8-0-10.wav,159752,5.0,9.0,2,4,8,siren
2756,159752-8-0-11.wav,159752,5.5,9.5,2,4,8,siren
2757,159752-8-0-12.wav,159752,6.0,10.0,2,4,8,siren
2758,159752-8-0-2.wav,159752,1.0,5.0,2,4,8,siren
2759,159752-8-0-3.wav,159752,1.5,5.5,2,4,8,siren
2760,159752-8-0-4.wav,159752,2.0,6.0,2,4,8,siren
2761,159752-8-0-5.wav,159752,2.5,6.5,2,4,8,siren
2762,159752-8-0-6.wav,159752,3.0,7.0,2,4,8,siren
2763,159752-8-0-7.wav,159752,3.5,7.5,2,4,8,siren
2764,159752-8-0-8.wav,159752,4.0,8.0,2,4,8,siren
2765,159752-8-0-9.wav,159752,4.5,8.5,2,4,8,siren
2766,159752-8-1-0.wav,159752,29.505959000000004,30.471467999999998,2,4,8,siren
2767,159752-8-2-0.wav,159752,36.303143,40.303143,2,4,8,siren
2768,159752-8-2-1.wav,159752,36.803143,40.803143,2,4,8,siren
2769,159752-8-2-2.wav,159752,37.303143,41.303143,2,4,8,siren
2770,159752-8-2-3.wav,159752,37.803143,41.803143,2,4,8,siren
2771,159753-8-0-0.wav,159753,0.579589,4.579589,1,4,8,siren
2772,159753-8-0-1.wav,159753,1.079589,5.079589,1,4,8,siren
2773,159753-8-0-2.wav,159753,1.579589,5.579589,1,4,8,siren
2774,159753-8-0-3.wav,159753,2.079589,6.079589,1,4,8,siren
2775,159753-8-0-4.wav,159753,2.579589,6.579589,1,4,8,siren
2776,159753-8-0-5.wav,159753,3.079589,7.079589,1,4,8,siren
2777,159753-8-0-6.wav,159753,3.579589,7.579589,1,4,8,siren
2778,159754-8-0-0.wav,159754,0.265065,1.34189,1,5,8,siren
2779,159754-8-1-0.wav,159754,5.616059,6.311854,1,5,8,siren
2780,159754-8-2-0.wav,159754,9.989627,10.552889,1,5,8,siren
2781,159754-8-3-0.wav,159754,10.900787,13.915898,1,5,8,siren
2782,159754-8-4-0.wav,159754,15.357188,19.357188,1,5,8,siren
2783,159755-8-0-0.wav,159755,2.410271,6.410271,1,9,8,siren
2784,159755-8-0-1.wav,159755,2.910271,6.910271000000001,1,9,8,siren
2785,159755-8-0-2.wav,159755,3.410271,7.410271000000001,1,9,8,siren
2786,159755-8-0-3.wav,159755,3.910271,7.910271000000001,1,9,8,siren
2846,161010-1-0-0.wav,161010,123.329283,125.09103400000001,2,4,1,car_horn
2847,161010-1-1-0.wav,161010,147.12408100000002,148.444179,2,4,1,car_horn
2848,161010-1-2-0.wav,161010,148.909412,149.647969,2,4,1,car_horn
2849,161010-1-3-0.wav,161010,274.678649,277.041262,2,4,1,car_horn
2867,161195-6-0-0.wav,161195,0.0,0.799932,1,3,6,gun_shot
2970,162431-6-0-0.wav,162431,0.0,1.081659,1,3,6,gun_shot
2971,162431-6-1-0.wav,162431,1.787897,2.884424,1,3,6,gun_shot
2972,162431-6-2-0.wav,162431,4.449299,5.084912999999999,1,3,6,gun_shot
2973,162431-6-3-0.wav,162431,5.497504,6.333839,1,3,6,gun_shot
2974,162432-6-0-0.wav,162432,0.786751,1.846456,1,5,6,gun_shot
2975,162432-6-1-0.wav,162432,3.130947,4.222765,1,5,6,gun_shot
2976,162432-6-10-0.wav,162432,23.907591,24.903071,1,5,6,gun_shot
2977,162432-6-11-0.wav,162432,24.903071,25.86644,1,5,6,gun_shot
2978,162432-6-12-0.wav,162432,25.86644,26.877976,1,5,6,gun_shot
2979,162432-6-13-0.wav,162432,26.877976,27.712896,1,5,6,gun_shot
2980,162432-6-14-0.wav,162432,27.712896,28.290916999999997,1,5,6,gun_shot
2981,162432-6-2-0.wav,162432,5.250357,6.326119,1,5,6,gun_shot
2982,162432-6-3-0.wav,162432,9.93875,11.078736,1,5,6,gun_shot
2983,162432-6-4-0.wav,162432,13.310539000000002,14.338132,1,5,6,gun_shot
2984,162432-6-5-0.wav,162432,16.345149,17.420911,1,5,6,gun_shot
2985,162432-6-6-0.wav,162432,18.014988,19.219198000000002,1,5,6,gun_shot
2986,162432-6-7-0.wav,162432,19.363703,20.519745,1,5,6,gun_shot
2987,162432-6-8-0.wav,162432,21.338608999999998,22.41437,1,5,6,gun_shot
2988,162432-6-9-0.wav,162432,22.41437,23.779142,1,5,6,gun_shot
2989,162433-6-0-0.wav,162433,0.027122000000000004,0.6726270000000001,1,8,6,gun_shot
2990,162433-6-1-0.wav,162433,0.753993,1.253039,1,8,6,gun_shot
2991,162433-6-2-0.wav,162433,1.309995,1.743948,1,8,6,gun_shot
2992,162433-6-3-0.wav,162433,1.7764950000000002,2.240282,1,8,6,gun_shot
2993,162433-6-4-0.wav,162433,2.256555,2.793572,1,8,6,gun_shot
2994,162433-6-5-0.wav,162433,2.82883,3.338725,1,8,6,gun_shot
2995,162433-6-6-0.wav,162433,3.3712720000000003,3.9055760000000004,1,8,6,gun_shot
2996,162433-6-7-0.wav,162433,3.9055760000000004,4.347666,1,8,6,gun_shot
2997,162433-6-8-0.wav,162433,4.347666,4.778906,1,8,6,gun_shot
2998,162434-6-0-0.wav,162434,0.354842,1.173267,1,6,6,gun_shot
2999,162434-6-1-0.wav,162434,1.549094,2.283579,1,6,6,gun_shot
3000,162434-6-2-0.wav,162434,2.525863,3.3614580000000003,1,6,6,gun_shot
3001,162435-6-0-0.wav,162435,0.0,0.716105,1,4,6,gun_shot
3002,162435-6-1-0.wav,162435,0.7791899999999999,1.495295,1,4,6,gun_shot
3003,162435-6-2-0.wav,162435,1.6998959999999999,2.27278,1,4,6,gun_shot
3004,162435-6-3-0.wav,162435,2.27278,3.004229,1,4,6,gun_shot
3005,162436-6-0-0.wav,162436,0.0,1.796802,1,3,6,gun_shot
3006,162540-1-0-0.wav,162540,1.2556200000000002,1.618235,1,1,1,car_horn
3007,162540-1-1-0.wav,162540,5.888426,6.202331,1,1,1,car_horn
3008,162540-1-2-0.wav,162540,10.207327000000001,10.672773,1,1,1,car_horn
3009,162541-1-0-0.wav,162541,1.271857,1.758951,1,2,1,car_horn
3010,162541-1-1-0.wav,162541,5.8992510000000005,6.34846,1,2,1,car_horn
3011,162541-1-2-0.wav,162541,10.228976,10.667361,1,2,1,car_horn
3012,162702-1-0-0.wav,162702,0.0,0.10596199999999999,1,6,1,car_horn
3013,162702-1-1-0.wav,162702,0.452485,1.298459,2,6,1,car_horn
3014,162703-1-0-0.wav,162703,0.432845,1.592012,2,1,1,car_horn
3015,162728-1-0-0.wav,162728,2.7788060000000003,3.200719,1,7,1,car_horn
3017,163460-6-0-0.wav,163460,0.0,0.672222,1,2,6,gun_shot
3018,164053-8-0-0.wav,164053,0.0,4.0,2,1,8,siren
3019,164053-8-1-0.wav,164053,13.783876000000001,17.783876,2,1,8,siren
3020,164053-8-2-0.wav,164053,21.660377,25.660377,2,1,8,siren
3021,164053-8-2-1.wav,164053,22.160377,26.160377,2,1,8,siren
3022,164053-8-2-2.wav,164053,22.660377,26.660377,2,1,8,siren
3023,164053-8-2-3.wav,164053,23.160377,27.160377,2,1,8,siren
3024,164053-8-3-0.wav,164053,49.276156,53.27615600000001,2,1,8,siren
3052,164625-1-0-0.wav,164625,0.344326,0.817351,1,9,1,car_horn
3053,164626-1-0-0.wav,164626,0.811901,1.586686,1,8,1,car_horn
3054,164627-1-0-0.wav,164627,0.306819,1.8049979999999999,1,7,1,car_horn
3055,164646-6-0-0.wav,164646,0.02888,0.81557,1,10,6,gun_shot
3056,164667-6-0-0.wav,164667,0.056353999999999994,0.8024600000000001,1,5,6,gun_shot
3057,164782-8-0-0.wav,164782,52.812931999999996,56.812931999999996,2,5,8,siren
3058,164782-8-0-1.wav,164782,53.312931999999996,57.312931999999996,2,5,8,siren
3059,164782-8-0-2.wav,164782,53.812931999999996,57.812931999999996,2,5,8,siren
3060,164782-8-0-3.wav,164782,54.312931999999996,58.312931999999996,2,5,8,siren
3061,164782-8-0-4.wav,164782,54.812931999999996,58.812931999999996,2,5,8,siren
3062,164782-8-0-5.wav,164782,55.312931999999996,59.312931999999996,2,5,8,siren
3063,164782-8-0-6.wav,164782,55.812931999999996,59.812931999999996,2,5,8,siren
3064,164782-8-0-7.wav,164782,56.312931999999996,60.312931999999996,2,5,8,siren
3108,165166-8-0-0.wav,165166,0.8334540000000001,4.833454,1,10,8,siren
3109,165166-8-0-1.wav,165166,1.3334540000000001,5.333454,1,10,8,siren
3110,165166-8-0-2.wav,165166,1.8334540000000001,5.833454,1,10,8,siren
3111,165166-8-0-3.wav,165166,2.333454,6.333454,1,10,8,siren
3112,165166-8-0-4.wav,165166,2.833454,6.833454,1,10,8,siren
3113,165166-8-0-5.wav,165166,3.333454,7.333454,1,10,8,siren
3114,165166-8-0-6.wav,165166,3.833454,7.833454,1,10,8,siren
3115,165166-8-0-7.wav,165166,4.333454,8.333454,1,10,8,siren
3116,165166-8-0-8.wav,165166,4.833454,8.833454,1,10,8,siren
3179,166101-5-0-0.wav,166101,0.0,4.0,1,3,5,engine_idling
3180,166101-5-0-1.wav,166101,0.5,4.5,1,3,5,engine_idling
3181,166101-5-0-2.wav,166101,1.0,5.0,1,3,5,engine_idling
3182,166101-5-0-3.wav,166101,1.5,5.5,1,3,5,engine_idling
3183,166101-5-1-0.wav,166101,13.703532000000001,15.792038,1,3,5,engine_idling
3184,166101-5-2-0.wav,166101,19.712567,23.712567,1,3,5,engine_idling
3185,166101-5-2-1.wav,166101,20.212567,24.212567,1,3,5,engine_idling
3186,166101-5-2-2.wav,166101,20.712567,24.712567,1,3,5,engine_idling
3187,166101-5-2-3.wav,166101,21.212567,25.212567,1,3,5,engine_idling
3188,166101-5-2-4.wav,166101,21.712567,25.712567,1,3,5,engine_idling
3189,166101-5-3-0.wav,166101,39.498414000000004,42.722775,1,3,5,engine_idling
3199,16692-5-0-0.wav,16692,1.209128,5.209128,1,4,5,engine_idling
3200,16692-5-0-1.wav,16692,1.709128,5.709128,1,4,5,engine_idling
3201,16692-5-0-10.wav,16692,6.209128,10.209128,1,4,5,engine_idling
3202,16692-5-0-2.wav,16692,2.2091279999999998,6.209128,1,4,5,engine_idling
3203,16692-5-0-3.wav,16692,2.7091279999999998,6.709128,1,4,5,engine_idling
3204,16692-5-0-4.wav,16692,3.2091279999999998,7.209128,1,4,5,engine_idling
3205,16692-5-0-5.wav,16692,3.7091279999999998,7.709128,1,4,5,engine_idling
3206,16692-5-0-6.wav,16692,4.209128,8.209128,1,4,5,engine_idling
3207,16692-5-0-7.wav,16692,4.709128,8.709128,1,4,5,engine_idling
3208,16692-5-0-8.wav,16692,5.209128,9.209128,1,4,5,engine_idling
3209,16692-5-0-9.wav,16692,5.709128,9.709128,1,4,5,engine_idling
3296,16772-8-0-0.wav,16772,0.154754,2.130091,1,9,8,siren
3327,168846-5-0-0.wav,168846,0.0,4.0,1,7,5,engine_idling
3328,168846-5-0-1.wav,168846,0.5,4.5,1,7,5,engine_idling
3329,168846-5-0-2.wav,168846,1.0,5.0,1,7,5,engine_idling
3330,168846-5-1-0.wav,168846,67.019979,71.019979,2,7,5,engine_idling
3331,168846-5-1-1.wav,168846,67.519979,71.519979,2,7,5,engine_idling
3332,168846-5-1-10.wav,168846,72.019979,76.019979,2,7,5,engine_idling
3333,168846-5-1-11.wav,168846,72.519979,76.519979,2,7,5,engine_idling
3334,168846-5-1-12.wav,168846,73.019979,77.019979,2,7,5,engine_idling
3335,168846-5-1-13.wav,168846,73.519979,77.519979,2,7,5,engine_idling
3336,168846-5-1-14.wav,168846,74.019979,78.019979,2,7,5,engine_idling
3337,168846-5-1-2.wav,168846,68.019979,72.019979,2,7,5,engine_idling
3338,168846-5-1-3.wav,168846,68.519979,72.519979,2,7,5,engine_idling
3339,168846-5-1-4.wav,168846,69.019979,73.019979,2,7,5,engine_idling
3340,168846-5-1-5.wav,168846,69.519979,73.519979,2,7,5,engine_idling
3341,168846-5-1-6.wav,168846,70.019979,74.019979,2,7,5,engine_idling
3342,168846-5-1-7.wav,168846,70.519979,74.519979,2,7,5,engine_idling
3343,168846-5-1-8.wav,168846,71.019979,75.019979,2,7,5,engine_idling
3344,168846-5-1-9.wav,168846,71.519979,75.519979,2,7,5,engine_idling
3398,169261-6-0-0.wav,169261,0.5710569999999999,2.23122,1,10,6,gun_shot
3430,170243-1-0-0.wav,170243,0.08280900000000001,0.186917,1,7,1,car_horn
3440,17074-1-0-0.wav,17074,3.5405269999999995,4.403714,2,10,1,car_horn
3453,17124-1-0-0.wav,17124,0.072751,0.31144099999999997,2,10,1,car_horn
3461,171249-1-0-0.wav,171249,6.670458999999999,7.433059,2,4,1,car_horn
3462,171249-1-1-0.wav,171249,11.144995,11.723836,2,4,1,car_horn
3463,171249-1-2-0.wav,171249,13.294977,13.59818,2,4,1,car_horn
3555,17307-1-0-0.wav,17307,11.275117,11.336696,2,2,1,car_horn
3592,174282-6-0-0.wav,174282,0.0,2.588937,1,9,6,gun_shot
3593,174282-6-1-0.wav,174282,2.588937,5.210563,1,9,6,gun_shot
3594,174282-6-2-0.wav,174282,5.210563,8.995904,1,9,6,gun_shot
3595,174284-6-0-0.wav,174284,0.0,2.549372,1,7,6,gun_shot
3596,174284-6-1-0.wav,174284,2.549372,5.175802,1,7,6,gun_shot
3597,174284-6-2-0.wav,174284,5.175802,8.181107,1,7,6,gun_shot
3598,174285-6-0-0.wav,174285,0.0,2.558383,1,8,6,gun_shot
3599,174285-6-1-0.wav,174285,2.558383,5.192354,1,8,6,gun_shot
3600,174285-6-2-0.wav,174285,5.192354,8.913638,1,8,6,gun_shot
3601,174287-6-0-0.wav,174287,0.16963499999999998,1.9585169999999998,1,9,6,gun_shot
3602,174287-6-1-0.wav,174287,5.227853,7.463956,1,9,6,gun_shot
3603,174287-6-2-0.wav,174287,9.869694,11.843632000000001,1,9,6,gun_shot
3604,174287-6-3-0.wav,174287,14.881647000000001,16.716793,1,9,6,gun_shot
3605,174289-6-0-0.wav,174289,0.675822,2.896379,1,10,6,gun_shot
3606,174289-6-1-0.wav,174289,5.728394000000001,8.07768,1,10,6,gun_shot
3607,174289-6-2-0.wav,174289,10.378692,12.840614,1,10,6,gun_shot
3608,174289-6-3-0.wav,174289,15.3669,17.603548999999997,1,10,6,gun_shot
3609,174290-6-0-0.wav,174290,0.273102,2.366884,1,1,6,gun_shot
3610,174290-6-1-0.wav,174290,5.3558330000000005,7.889612,1,1,6,gun_shot
3611,174290-6-2-0.wav,174290,9.968221,12.289587,1,1,6,gun_shot
3612,174290-6-3-0.wav,174290,14.959918,17.372318,1,1,6,gun_shot
3613,174292-6-0-0.wav,174292,0.0,2.929375,1,10,6,gun_shot
3614,174292-6-1-0.wav,174292,4.249521,7.140352,1,10,6,gun_shot
3615,174292-6-2-0.wav,174292,10.079363,13.567632000000001,1,10,6,gun_shot
3616,174293-6-0-0.wav,174293,0.109464,2.572406,1,2,6,gun_shot
3617,174293-6-1-0.wav,174293,4.387686,6.713798,1,2,6,gun_shot
3618,174293-6-2-0.wav,174293,10.234894,12.606616,1,2,6,gun_shot
3619,174294-6-0-0.wav,174294,0.0,2.535721,1,1,6,gun_shot
3620,174294-6-1-0.wav,174294,4.167707,7.343939,1,1,6,gun_shot
3621,174294-6-2-0.wav,174294,10.046368,13.126084,1,1,6,gun_shot
3638,174840-1-0-0.wav,174840,0.89259,3.875029,1,3,1,car_horn
3639,174841-1-0-0.wav,174841,1.0581399999999999,2.870053,1,4,1,car_horn
3667,17578-5-0-0.wav,17578,0.0,4.0,1,5,5,engine_idling
3668,17578-5-0-1.wav,17578,0.5,4.5,1,5,5,engine_idling
3669,17578-5-0-10.wav,17578,5.0,9.0,1,5,5,engine_idling
3670,17578-5-0-11.wav,17578,5.5,9.5,1,5,5,engine_idling
3671,17578-5-0-12.wav,17578,6.0,10.0,1,5,5,engine_idling
3672,17578-5-0-14.wav,17578,7.0,11.0,1,5,5,engine_idling
3673,17578-5-0-15.wav,17578,7.5,11.5,1,5,5,engine_idling
3674,17578-5-0-16.wav,17578,8.0,12.0,1,5,5,engine_idling
3675,17578-5-0-18.wav,17578,9.0,13.0,1,5,5,engine_idling
3676,17578-5-0-2.wav,17578,1.0,5.0,1,5,5,engine_idling
3677,17578-5-0-21.wav,17578,10.5,14.5,1,5,5,engine_idling
3678,17578-5-0-22.wav,17578,11.0,15.0,1,5,5,engine_idling
3679,17578-5-0-23.wav,17578,11.5,15.5,1,5,5,engine_idling
3680,17578-5-0-24.wav,17578,12.0,16.0,1,5,5,engine_idling
3681,17578-5-0-25.wav,17578,12.5,16.5,1,5,5,engine_idling
3682,17578-5-0-26.wav,17578,13.0,17.0,1,5,5,engine_idling
3683,17578-5-0-27.wav,17578,13.5,17.5,1,5,5,engine_idling
3684,17578-5-0-28.wav,17578,14.0,18.0,1,5,5,engine_idling
3685,17578-5-0-29.wav,17578,14.5,18.5,1,5,5,engine_idling
3686,17578-5-0-3.wav,17578,1.5,5.5,1,5,5,engine_idling
3687,17578-5-0-30.wav,17578,15.0,19.0,1,5,5,engine_idling
3688,17578-5-0-31.wav,17578,15.5,19.5,1,5,5,engine_idling
3689,17578-5-0-32.wav,17578,16.0,20.0,1,5,5,engine_idling
3690,17578-5-0-33.wav,17578,16.5,20.5,1,5,5,engine_idling
3691,17578-5-0-34.wav,17578,17.0,21.0,1,5,5,engine_idling
3692,17578-5-0-35.wav,17578,17.5,21.5,1,5,5,engine_idling
3693,17578-5-0-4.wav,17578,2.0,6.0,1,5,5,engine_idling
3694,17578-5-0-5.wav,17578,2.5,6.5,1,5,5,engine_idling
3695,17578-5-0-6.wav,17578,3.0,7.0,1,5,5,engine_idling
3696,17578-5-0-7.wav,17578,3.5,7.5,1,5,5,engine_idling
3697,17578-5-0-8.wav,17578,4.0,8.0,1,5,5,engine_idling
3698,17578-5-0-9.wav,17578,4.5,8.5,1,5,5,engine_idling
3699,175842-1-0-0.wav,175842,0.20644200000000001,0.688665,1,10,1,car_horn
3700,175843-1-0-0.wav,175843,0.076205,0.972825,1,9,1,car_horn
3701,175844-1-0-0.wav,175844,0.400001,1.2938129999999999,1,2,1,car_horn
3702,175845-1-0-0.wav,175845,1.667248,2.405537,1,1,1,car_horn
3703,175846-1-0-0.wav,175846,0.143475,1.6353870000000001,1,4,1,car_horn
3704,175847-1-0-0.wav,175847,0.065415,0.881925,1,3,1,car_horn
3705,175848-1-0-0.wav,175848,0.094818,0.632591,1,6,1,car_horn
3706,175849-1-0-0.wav,175849,0.035708,0.554668,1,5,1,car_horn
3707,175850-1-0-0.wav,175850,0.528684,2.269774,1,10,1,car_horn
3708,175851-1-0-0.wav,175851,0.348692,1.791682,1,1,1,car_horn
3709,175852-1-0-0.wav,175852,0.09925199999999999,1.2341389999999999,1,8,1,car_horn
3710,175853-1-0-0.wav,175853,0.077038,0.360623,1,9,1,car_horn
3711,175854-1-0-0.wav,175854,0.060186,0.751776,1,3,1,car_horn
3712,175855-1-0-0.wav,175855,0.16530899999999998,0.712897,1,4,1,car_horn
3713,175856-1-0-0.wav,175856,0.287145,0.555461,1,8,1,car_horn
3714,175856-1-1-0.wav,175856,0.9320440000000001,1.230957,1,8,1,car_horn
3715,175856-1-2-0.wav,175856,3.0314959999999997,4.1565389999999995,1,8,1,car_horn
3732,17592-5-0-0.wav,17592,2.0051740000000002,6.005174,1,1,5,engine_idling
3733,17592-5-1-0.wav,17592,8.921325999999999,12.921325999999999,1,1,5,engine_idling
3734,17592-5-1-1.wav,17592,9.421325999999999,13.421326,1,1,5,engine_idling
3735,17592-5-1-2.wav,17592,9.921325999999999,13.921326,1,1,5,engine_idling
3736,17592-5-1-3.wav,17592,10.421325999999999,14.421326,1,1,5,engine_idling
3737,176003-1-0-0.wav,176003,0.031344,1.1523,1,4,1,car_horn
3747,176631-1-0-0.wav,176631,28.32413,30.302215000000004,2,3,1,car_horn
3748,176634-1-0-0.wav,176634,2.441912,2.7079299999999997,1,2,1,car_horn
3749,176638-1-0-0.wav,176638,4.51208,5.0611690000000005,1,1,1,car_horn
3750,176638-1-1-0.wav,176638,6.7243520000000006,7.520133,1,1,1,car_horn
3751,176638-5-0-0.wav,176638,0.0,4.0,1,4,5,engine_idling
3752,176638-5-0-1.wav,176638,0.5,4.5,1,4,5,engine_idling
3753,176638-5-0-2.wav,176638,1.0,5.0,1,4,5,engine_idling
3766,176787-5-0-0.wav,176787,0.0,4.0,1,1,5,engine_idling
3767,176787-5-0-1.wav,176787,0.5,4.5,1,1,5,engine_idling
3768,176787-5-0-10.wav,176787,5.0,9.0,1,1,5,engine_idling
3769,176787-5-0-11.wav,176787,5.5,9.5,1,1,5,engine_idling
3770,176787-5-0-12.wav,176787,6.0,10.0,1,1,5,engine_idling
3771,176787-5-0-13.wav,176787,6.5,10.5,1,1,5,engine_idling
3772,176787-5-0-14.wav,176787,7.0,11.0,1,1,5,engine_idling
3773,176787-5-0-15.wav,176787,7.5,11.5,1,1,5,engine_idling
3774,176787-5-0-16.wav,176787,8.0,12.0,1,1,5,engine_idling
3775,176787-5-0-17.wav,176787,8.5,12.5,1,1,5,engine_idling
3776,176787-5-0-18.wav,176787,9.0,13.0,1,1,5,engine_idling
3777,176787-5-0-19.wav,176787,9.5,13.5,1,1,5,engine_idling
3778,176787-5-0-2.wav,176787,1.0,5.0,1,1,5,engine_idling
3779,176787-5-0-20.wav,176787,10.0,14.0,1,1,5,engine_idling
3780,176787-5-0-21.wav,176787,10.5,14.5,1,1,5,engine_idling
3781,176787-5-0-22.wav,176787,11.0,15.0,1,1,5,engine_idling
3782,176787-5-0-23.wav,176787,11.5,15.5,1,1,5,engine_idling
3783,176787-5-0-24.wav,176787,12.0,16.0,1,1,5,engine_idling
3784,176787-5-0-25.wav,176787,12.5,16.5,1,1,5,engine_idling
3785,176787-5-0-26.wav,176787,13.0,17.0,1,1,5,engine_idling
3786,176787-5-0-27.wav,176787,13.5,17.5,1,1,5,engine_idling
3787,176787-5-0-28.wav,176787,14.0,18.0,1,1,5,engine_idling
3788,176787-5-0-29.wav,176787,14.5,18.5,1,1,5,engine_idling
3789,176787-5-0-3.wav,176787,1.5,5.5,1,1,5,engine_idling
3790,176787-5-0-30.wav,176787,15.0,19.0,1,1,5,engine_idling
3791,176787-5-0-4.wav,176787,2.0,6.0,1,1,5,engine_idling
3792,176787-5-0-5.wav,176787,2.5,6.5,1,1,5,engine_idling
3793,176787-5-0-6.wav,176787,3.0,7.0,1,1,5,engine_idling
3794,176787-5-0-7.wav,176787,3.5,7.5,1,1,5,engine_idling
3795,176787-5-0-8.wav,176787,4.0,8.0,1,1,5,engine_idling
3796,176787-5-0-9.wav,176787,4.5,8.5,1,1,5,engine_idling
3842,177592-5-0-0.wav,177592,0.0,4.0,2,2,5,engine_idling
3843,177592-5-0-1.wav,177592,0.5,4.5,2,2,5,engine_idling
3844,177592-5-0-10.wav,177592,5.0,9.0,2,2,5,engine_idling
3845,177592-5-0-2.wav,177592,1.0,5.0,2,2,5,engine_idling
3846,177592-5-0-3.wav,177592,1.5,5.5,2,2,5,engine_idling
3847,177592-5-0-4.wav,177592,2.0,6.0,2,2,5,engine_idling
3848,177592-5-0-5.wav,177592,2.5,6.5,2,2,5,engine_idling
3849,177592-5-0-6.wav,177592,3.0,7.0,2,2,5,engine_idling
3850,177592-5-0-7.wav,177592,3.5,7.5,2,2,5,engine_idling
3851,177592-5-0-8.wav,177592,4.0,8.0,2,2,5,engine_idling
3852,177592-5-0-9.wav,177592,4.5,8.5,2,2,5,engine_idling
3985,178115-1-0-0.wav,178115,2.807855,3.269359,2,7,1,car_horn
4032,178402-1-0-0.wav,178402,0.122098,2.1672439999999997,1,10,1,car_horn
4053,17853-5-0-0.wav,17853,15.323533,19.323532999999998,1,3,5,engine_idling
4054,17853-5-0-1.wav,17853,15.823533,19.823532999999998,1,3,5,engine_idling
4055,17853-5-0-10.wav,17853,20.323532999999998,24.323532999999998,1,3,5,engine_idling
4056,17853-5-0-11.wav,17853,20.823532999999998,24.823532999999998,1,3,5,engine_idling
4057,17853-5-0-12.wav,17853,21.323532999999998,25.323532999999998,1,3,5,engine_idling
4058,17853-5-0-13.wav,17853,21.823532999999998,25.823532999999998,1,3,5,engine_idling
4059,17853-5-0-14.wav,17853,22.323532999999998,26.323533,1,3,5,engine_idling
4060,17853-5-0-15.wav,17853,22.823532999999998,26.823533,1,3,5,engine_idling
4061,17853-5-0-2.wav,17853,16.323532999999998,20.323532999999998,1,3,5,engine_idling
4062,17853-5-0-3.wav,17853,16.823532999999998,20.823532999999998,1,3,5,engine_idling
4063,17853-5-0-4.wav,17853,17.323532999999998,21.323532999999998,1,3,5,engine_idling
4064,17853-5-0-5.wav,17853,17.823532999999998,21.823532999999998,1,3,5,engine_idling
4065,17853-5-0-6.wav,17853,18.323532999999998,22.323532999999998,1,3,5,engine_idling
4066,17853-5-0-7.wav,17853,18.823532999999998,22.823532999999998,1,3,5,engine_idling
4067,17853-5-0-8.wav,17853,19.323532999999998,23.323532999999998,1,3,5,engine_idling
4068,17853-5-0-9.wav,17853,19.823532999999998,23.823532999999998,1,3,5,engine_idling
4151,179858-1-0-0.wav,179858,0.627537,0.973626,1,1,1,car_horn
4152,179860-1-0-0.wav,179860,0.257272,1.348884,1,6,1,car_horn
4153,179861-1-0-0.wav,179861,0.16001600000000002,0.691407,1,5,1,car_horn
4154,179862-1-0-0.wav,179862,0.324883,0.70578,1,4,1,car_horn
4155,179863-1-0-0.wav,179863,0.14144500000000002,0.8972889999999999,1,3,1,car_horn
4156,179864-1-0-0.wav,179864,0.36288899999999996,1.166566,1,2,1,car_horn
4157,179865-1-0-0.wav,179865,0.31516900000000003,1.648178,2,3,1,car_horn
4158,179866-1-0-0.wav,179866,0.14543499999999998,0.630933,1,2,1,car_horn
4159,179866-1-1-0.wav,179866,0.913249,1.628663,1,2,1,car_horn
4160,179867-1-0-0.wav,179867,0.025481999999999998,0.566271,1,1,1,car_horn
4161,179868-1-0-0.wav,179868,0.23241900000000001,2.3856319999999998,1,10,1,car_horn
4278,180156-1-0-0.wav,180156,4.837396,7.194528,2,9,1,car_horn
4279,180156-1-1-0.wav,180156,9.639612,11.064445,2,9,1,car_horn
4280,180156-1-10-0.wav,180156,28.654977000000002,30.114990999999996,2,9,1,car_horn
4281,180156-1-11-0.wav,180156,31.029699,31.645366999999997,2,9,1,car_horn
4282,180156-1-12-0.wav,180156,37.221565999999996,37.432653,2,9,1,car_horn
4283,180156-1-2-0.wav,180156,11.345892999999998,11.627342,2,9,1,car_horn
4284,180156-1-3-0.wav,180156,11.856019,12.454097,2,9,1,car_horn
4285,180156-1-4-0.wav,180156,13.386395000000002,14.600142000000002,2,9,1,car_horn
4286,180156-1-5-0.wav,180156,15.796298,17.414627,2,9,1,car_horn
4287,180156-1-6-0.wav,180156,17.977524,21.882622,2,9,1,car_horn
4288,180156-1-7-0.wav,180156,23.747218,23.993485999999997,2,9,1,car_horn
4289,180156-1-8-0.wav,180156,25.488681,26.086759,2,9,1,car_horn
4290,180156-1-9-0.wav,180156,26.403389,26.755198999999998,2,9,1,car_horn
4394,180960-6-0-0.wav,180960,0.066816,2.140544,1,3,6,gun_shot
4424,182474-1-0-0.wav,182474,1.26501,2.605597,1,6,1,car_horn
4441,183894-1-5-0.wav,183894,98.082239,98.955375,2,7,1,car_horn
4442,183894-1-6-0.wav,183894,102.15687199999999,103.321053,2,7,1,car_horn
4443,183894-1-7-0.wav,183894,124.494593,127.186761,2,7,1,car_horn
4444,183894-1-8-0.wav,183894,133.22594899999999,134.31736899999999,2,7,1,car_horn
4445,183894-1-9-0.wav,183894,135.699834,137.373344,2,7,1,car_horn
4454,184355-1-0-0.wav,184355,4.08756,4.750408,2,1,1,car_horn
4468,184623-8-0-0.wav,184623,0.13472,4.13472,1,3,8,siren
4469,184623-8-0-1.wav,184623,0.63472,4.63472,1,3,8,siren
4470,184623-8-0-2.wav,184623,1.1347200000000002,5.13472,1,3,8,siren
4471,184623-8-0-3.wav,184623,1.6347200000000002,5.63472,1,3,8,siren
4472,184623-8-1-0.wav,184623,12.064884,16.064884,2,3,8,siren
4529,185436-1-0-0.wav,185436,18.261502,19.677122,2,5,1,car_horn
4530,185436-1-1-0.wav,185436,84.79565699999999,85.786591,2,5,1,car_horn
4531,185436-1-2-0.wav,185436,97.394678,99.94279399999999,2,5,1,car_horn
4532,185436-1-3-0.wav,185436,161.94696399999998,164.636643,2,5,1,car_horn
4533,185436-1-4-0.wav,185436,191.391867,195.214042,2,5,1,car_horn
4534,185436-1-5-0.wav,185436,225.508316,226.92393700000002,2,5,1,car_horn
4535,185436-1-6-0.wav,185436,235.134535,238.107337,2,5,1,car_horn
4536,185436-1-7-0.wav,185436,249.998548,251.272606,2,5,1,car_horn
4567,18592-5-0-0.wav,18592,6.504182,10.504182,1,9,5,engine_idling
4568,18592-5-0-1.wav,18592,7.004182000000001,11.004182,1,9,5,engine_idling
4569,18592-5-0-2.wav,18592,7.504182000000001,11.504182,1,9,5,engine_idling
4570,18592-5-0-3.wav,18592,8.004182,12.004182,1,9,5,engine_idling
4571,18592-5-0-4.wav,18592,8.504182,12.504182,1,9,5,engine_idling
4572,18594-1-0-0.wav,18594,11.503499,11.939286,1,3,1,car_horn
4573,18594-1-1-0.wav,18594,12.833291000000001,13.464541,1,3,1,car_horn
4574,18594-1-2-0.wav,18594,43.782548,43.982489,2,3,1,car_horn
4575,18594-1-3-0.wav,18594,44.50593,44.750801,1,3,1,car_horn
4576,18594-1-4-0.wav,18594,45.134957,45.350623,1,3,1,car_horn
4577,18594-1-5-0.wav,18594,45.714560999999996,46.033567,1,3,1,car_horn
4578,18594-1-6-0.wav,18594,77.17582800000001,77.611488,1,3,1,car_horn
4598,186935-5-0-0.wav,186935,0.0,4.0,1,8,5,engine_idling
4599,186935-5-0-1.wav,186935,0.5,4.5,1,8,5,engine_idling
4600,186936-5-0-0.wav,186936,0.0,4.0,1,7,5,engine_idling
4601,186936-5-0-1.wav,186936,0.5,4.5,1,7,5,engine_idling
4602,186938-5-0-0.wav,186938,2.72963,4.539396,1,4,5,engine_idling
4603,186940-5-0-0.wav,186940,0.0,3.8365989999999996,1,8,5,engine_idling
4604,187075-5-0-0.wav,187075,3.4467790000000003,7.446778999999999,2,9,5,engine_idling
4605,187075-5-0-1.wav,187075,3.9467790000000003,7.946778999999999,2,9,5,engine_idling
4606,187075-5-0-2.wav,187075,4.446779,8.446779,2,9,5,engine_idling
4607,187075-5-0-3.wav,187075,4.946779,8.946779,2,9,5,engine_idling
4608,187075-5-0-4.wav,187075,5.446779,9.446779,2,9,5,engine_idling
4609,187075-5-0-5.wav,187075,5.946779,9.946779,2,9,5,engine_idling
4610,187075-5-0-6.wav,187075,6.446779,10.446779,2,9,5,engine_idling
4611,187075-5-0-7.wav,187075,6.946778999999999,10.946779,2,9,5,engine_idling
4612,187075-5-0-8.wav,187075,7.446778999999999,11.446779,2,9,5,engine_idling
4621,187356-1-0-0.wav,187356,20.664779,21.032153,2,4,1,car_horn
4622,187356-1-1-0.wav,187356,23.052709,24.338518,2,4,1,car_horn
4623,187356-1-2-0.wav,187356,28.471474,32.471474,2,4,1,car_horn
4624,187356-1-3-0.wav,187356,37.058838,40.548889,2,4,1,car_horn
4625,187356-1-4-0.wav,187356,48.998488,52.998488,2,4,1,car_horn
4626,187356-1-5-0.wav,187356,64.42819,67.04572900000001,2,4,1,car_horn
4627,187356-1-6-0.wav,187356,79.720127,81.41923100000001,2,4,1,car_horn
4645,188004-8-0-0.wav,188004,0.0,4.0,2,6,8,siren
4646,188004-8-0-1.wav,188004,0.5,4.5,2,6,8,siren
4647,188004-8-0-2.wav,188004,1.0,5.0,2,6,8,siren
4718,18933-1-0-0.wav,18933,25.639242000000003,25.944262,2,6,1,car_horn
4804,19026-1-0-0.wav,19026,0.012822,1.050575,1,1,1,car_horn
4837,191449-6-0-0.wav,191449,3.094025,4.7257,1,5,6,gun_shot
4879,19338-5-0-0.wav,19338,2.578426,6.578425999999999,1,3,5,engine_idling
4880,19338-5-1-0.wav,19338,15.400867000000002,19.400867,1,3,5,engine_idling
4881,19338-5-2-0.wav,19338,27.421906,31.421906,1,3,5,engine_idling
4882,19338-5-3-0.wav,19338,43.659019,44.425578,1,3,5,engine_idling
4962,194962-5-0-0.wav,194962,4.151762000000001,8.151762,1,7,5,engine_idling
4963,194962-5-0-1.wav,194962,4.651762000000001,8.651762,1,7,5,engine_idling
4964,194962-5-0-2.wav,194962,5.151762000000001,9.151762,1,7,5,engine_idling
4970,195451-5-0-0.wav,195451,2.249062,6.249062,1,3,5,engine_idling
4971,195451-5-0-1.wav,195451,2.749062,6.7490619999999995,1,3,5,engine_idling
4972,195451-5-0-10.wav,195451,7.2490619999999995,11.249062,1,3,5,engine_idling
4973,195451-5-0-11.wav,195451,7.7490619999999995,11.749062,1,3,5,engine_idling
4974,195451-5-0-12.wav,195451,8.249062,12.249062,1,3,5,engine_idling
4975,195451-5-0-13.wav,195451,8.749062,12.749062,1,3,5,engine_idling
4976,195451-5-0-14.wav,195451,9.249062,13.249062,1,3,5,engine_idling
4977,195451-5-0-15.wav,195451,9.749062,13.749062,1,3,5,engine_idling
4978,195451-5-0-16.wav,195451,10.249062,14.249062,1,3,5,engine_idling
4979,195451-5-0-17.wav,195451,10.749062,14.749062,1,3,5,engine_idling
4980,195451-5-0-18.wav,195451,11.249062,15.249062,1,3,5,engine_idling
4981,195451-5-0-19.wav,195451,11.749062,15.749062,1,3,5,engine_idling
4982,195451-5-0-2.wav,195451,3.249062,7.2490619999999995,1,3,5,engine_idling
4983,195451-5-0-20.wav,195451,12.249062,16.249062,1,3,5,engine_idling
4984,195451-5-0-21.wav,195451,12.749062,16.749062,1,3,5,engine_idling
4985,195451-5-0-3.wav,195451,3.7490620000000003,7.7490619999999995,1,3,5,engine_idling
4986,195451-5-0-4.wav,195451,4.249062,8.249062,1,3,5,engine_idling
4987,195451-5-0-5.wav,195451,4.749062,8.749062,1,3,5,engine_idling
4988,195451-5-0-6.wav,195451,5.249062,9.249062,1,3,5,engine_idling
4989,195451-5-0-7.wav,195451,5.749062,9.749062,1,3,5,engine_idling
4990,195451-5-0-8.wav,195451,6.249062,10.249062,1,3,5,engine_idling
4991,195451-5-0-9.wav,195451,6.7490619999999995,10.749062,1,3,5,engine_idling
5074,196400-6-0-0.wav,196400,0.0,3.139605,1,1,6,gun_shot
5096,197318-6-0-0.wav,197318,0.401594,1.93267,1,1,6,gun_shot
5097,197318-6-1-0.wav,197318,2.409563,4.216735,1,1,6,gun_shot
5098,197318-6-10-0.wav,197318,31.24902,32.5291,1,1,6,gun_shot
5099,197318-6-11-0.wav,197318,33.909579,35.741851000000004,1,1,6,gun_shot
5100,197318-6-12-0.wav,197318,37.549023,38.879303,1,1,6,gun_shot
5101,197318-6-2-0.wav,197318,4.417532,6.3502019999999995,1,1,6,gun_shot
5102,197318-6-3-0.wav,197318,6.801996000000001,8.759765,1,1,6,gun_shot
5103,197318-6-4-0.wav,197318,10.843033,12.800803,1,1,6,gun_shot
5104,197318-6-5-0.wav,197318,13.70439,15.411163,1,1,6,gun_shot
5105,197318-6-6-0.wav,197318,16.641044,18.724312,1,1,6,gun_shot
5106,197318-6-7-0.wav,197318,20.054592,21.886864000000003,1,1,6,gun_shot
5107,197318-6-8-0.wav,197318,22.388856,24.070529999999998,1,1,6,gun_shot
5108,197318-6-9-0.wav,197318,27.659775,29.592446000000002,1,1,6,gun_shot
5109,197320-6-0-0.wav,197320,0.8305950000000001,2.88401,1,2,6,gun_shot
5110,197320-6-1-0.wav,197320,2.88401,4.914352,1,2,6,gun_shot
5111,197320-6-10-0.wav,197320,31.631818,34.262035,1,2,6,gun_shot
5112,197320-6-11-0.wav,197320,34.262035,37.284477,1,2,6,gun_shot
5113,197320-6-12-0.wav,197320,37.884351,40.653,1,2,6,gun_shot
5114,197320-6-2-0.wav,197320,4.914352,7.290775999999999,1,2,6,gun_shot
5115,197320-6-3-0.wav,197320,7.290775999999999,9.805633,1,2,6,gun_shot
5116,197320-6-4-0.wav,197320,11.236102,14.097039,1,2,6,gun_shot
5117,197320-6-5-0.wav,197320,14.097039,16.934905,1,2,6,gun_shot
5118,197320-6-6-0.wav,197320,17.142553,19.841986,1,2,6,gun_shot
5119,197320-6-7-0.wav,197320,20.372644,22.77214,1,2,6,gun_shot
5120,197320-6-8-0.wav,197320,22.77214,25.171636,1,2,6,gun_shot
5121,197320-6-9-0.wav,197320,28.078718,30.501286,1,2,6,gun_shot
5134,199769-1-0-0.wav,199769,0.8482729999999999,4.848273000000001,1,3,1,car_horn
5135,199769-1-0-1.wav,199769,1.348273,5.348273000000001,1,3,1,car_horn
5136,199769-1-0-10.wav,199769,5.848273000000001,9.848272999999999,1,3,1,car_horn
5137,199769-1-0-11.wav,199769,6.348273000000001,10.348272999999999,1,3,1,car_horn
5138,199769-1-0-12.wav,199769,6.848273,10.848272999999999,1,3,1,car_horn
5139,199769-1-0-13.wav,199769,7.348273,11.348272999999999,1,3,1,car_horn
5140,199769-1-0-14.wav,199769,7.848273,11.848272999999999,1,3,1,car_horn
5141,199769-1-0-15.wav,199769,8.348272999999999,12.348272999999999,1,3,1,car_horn
5142,199769-1-0-16.wav,199769,8.848272999999999,12.848272999999999,1,3,1,car_horn
5143,199769-1-0-17.wav,199769,9.348272999999999,13.348273,1,3,1,car_horn
5144,199769-1-0-18.wav,199769,9.848272999999999,13.848273,1,3,1,car_horn
5145,199769-1-0-2.wav,199769,1.848273,5.848273000000001,1,3,1,car_horn
5146,199769-1-0-3.wav,199769,2.348273,6.348273000000001,1,3,1,car_horn
5147,199769-1-0-4.wav,199769,2.848273,6.848273,1,3,1,car_horn
5148,199769-1-0-5.wav,199769,3.3482730000000003,7.348273,1,3,1,car_horn
5149,199769-1-0-6.wav,199769,3.8482730000000003,7.848273,1,3,1,car_horn
5150,199769-1-0-7.wav,199769,4.348273000000001,8.348272999999999,1,3,1,car_horn
5151,199769-1-0-8.wav,199769,4.848273000000001,8.848272999999999,1,3,1,car_horn
5152,199769-1-0-9.wav,199769,5.348273000000001,9.348272999999999,1,3,1,car_horn
5164,200460-6-0-0.wav,200460,1.282736,3.181186,1,10,6,gun_shot
5165,200460-6-1-0.wav,200460,3.181186,4.987279,1,10,6,gun_shot
5166,200460-6-2-0.wav,200460,4.987279,5.849278,1,10,6,gun_shot
5167,200460-6-3-0.wav,200460,5.849278,7.096097,1,10,6,gun_shot
5168,200460-6-4-0.wav,200460,7.096097,7.952965,1,10,6,gun_shot
5169,200460-6-5-0.wav,200460,7.952965,9.040726,1,10,6,gun_shot
5170,200786-5-0-0.wav,200786,15.109316,19.109316,1,10,5,engine_idling
5171,200786-5-1-0.wav,200786,110.690351,114.690351,1,10,5,engine_idling
5172,200786-5-1-1.wav,200786,111.190351,115.190351,1,10,5,engine_idling
5173,200786-5-1-2.wav,200786,111.690351,115.690351,1,10,5,engine_idling
5174,200786-5-1-3.wav,200786,112.190351,116.190351,1,10,5,engine_idling
5175,200786-5-1-4.wav,200786,112.690351,116.690351,1,10,5,engine_idling
5176,200786-5-1-5.wav,200786,113.190351,117.190351,1,10,5,engine_idling
5181,201652-5-0-0.wav,201652,0.0,4.0,1,2,5,engine_idling
5182,201652-5-0-1.wav,201652,0.5,4.5,1,2,5,engine_idling
5183,201652-5-0-2.wav,201652,1.0,5.0,1,2,5,engine_idling
5184,201652-5-0-3.wav,201652,1.5,5.5,1,2,5,engine_idling
5185,201652-5-1-0.wav,201652,38.967822,42.967822,1,2,5,engine_idling
5186,201652-5-2-0.wav,201652,71.448515,75.448515,1,2,5,engine_idling
5187,201652-5-2-1.wav,201652,71.948515,75.948515,1,2,5,engine_idling
5188,201652-5-2-2.wav,201652,72.448515,76.448515,1,2,5,engine_idling
5189,201652-5-2-3.wav,201652,72.948515,76.948515,1,2,5,engine_idling
5190,201652-5-2-4.wav,201652,73.448515,77.448515,1,2,5,engine_idling
5191,201652-5-2-5.wav,201652,73.948515,77.948515,1,2,5,engine_idling
5192,201652-5-3-0.wav,201652,124.201485,128.20148500000002,1,2,5,engine_idling
5193,201652-5-3-1.wav,201652,124.701485,128.70148500000002,1,2,5,engine_idling
5194,201652-5-3-2.wav,201652,125.201485,129.20148500000002,1,2,5,engine_idling
5195,201652-5-3-3.wav,201652,125.701485,129.70148500000002,1,2,5,engine_idling
5196,201652-5-3-4.wav,201652,126.201485,130.20148500000002,1,2,5,engine_idling
5197,201652-5-4-0.wav,201652,182.94603999999998,186.94603999999998,1,2,5,engine_idling
5198,201652-5-4-1.wav,201652,183.44603999999998,187.44603999999998,1,2,5,engine_idling
5199,201652-5-4-2.wav,201652,183.94603999999998,187.94603999999998,1,2,5,engine_idling
5200,201652-5-4-3.wav,201652,184.44603999999998,188.44603999999998,1,2,5,engine_idling
5201,201652-5-4-4.wav,201652,184.94603999999998,188.94603999999998,1,2,5,engine_idling
5202,201652-5-4-5.wav,201652,185.44603999999998,189.44603999999998,1,2,5,engine_idling
5203,201652-5-4-6.wav,201652,185.94603999999998,189.94603999999998,1,2,5,engine_idling
5204,201652-5-4-7.wav,201652,186.44603999999998,190.44603999999998,1,2,5,engine_idling
5205,201652-5-4-8.wav,201652,186.94603999999998,190.94603999999998,1,2,5,engine_idling
5206,201652-5-4-9.wav,201652,187.44603999999998,191.44603999999998,1,2,5,engine_idling
5207,201652-5-5-0.wav,201652,258.809406,262.809406,1,2,5,engine_idling
5208,201652-5-5-1.wav,201652,259.309406,263.309406,1,2,5,engine_idling
5209,201652-5-5-2.wav,201652,259.809406,263.809406,1,2,5,engine_idling
5210,201652-5-5-3.wav,201652,260.309406,264.309406,1,2,5,engine_idling
5211,201652-5-5-4.wav,201652,260.809406,264.809406,1,2,5,engine_idling
5212,201652-5-5-5.wav,201652,261.309406,265.309406,1,2,5,engine_idling
5213,201988-5-0-0.wav,201988,1.671607,5.671607,1,7,5,engine_idling
5214,201988-5-0-1.wav,201988,2.171607,6.171607,1,7,5,engine_idling
5215,201988-5-0-10.wav,201988,6.671607000000001,10.671607,1,7,5,engine_idling
5216,201988-5-0-11.wav,201988,7.171607000000001,11.171607,1,7,5,engine_idling
5217,201988-5-0-12.wav,201988,7.671607000000001,11.671607,1,7,5,engine_idling
5218,201988-5-0-13.wav,201988,8.171607,12.171607,1,7,5,engine_idling
5219,201988-5-0-14.wav,201988,8.671607,12.671607,1,7,5,engine_idling
5220,201988-5-0-15.wav,201988,9.171607,13.171607,1,7,5,engine_idling
5221,201988-5-0-16.wav,201988,9.671607,13.671607,1,7,5,engine_idling
5222,201988-5-0-17.wav,201988,10.171607,14.171607,1,7,5,engine_idling
5223,201988-5-0-18.wav,201988,10.671607,14.671607,1,7,5,engine_idling
5224,201988-5-0-19.wav,201988,11.171607,15.171607,1,7,5,engine_idling
5225,201988-5-0-2.wav,201988,2.671607,6.671607000000001,1,7,5,engine_idling
5226,201988-5-0-20.wav,201988,11.671607,15.671607,1,7,5,engine_idling
5227,201988-5-0-21.wav,201988,12.171607,16.171607,1,7,5,engine_idling
5228,201988-5-0-22.wav,201988,12.671607,16.671607,1,7,5,engine_idling
5229,201988-5-0-3.wav,201988,3.171607,7.171607000000001,1,7,5,engine_idling
5230,201988-5-0-4.wav,201988,3.671607,7.671607000000001,1,7,5,engine_idling
5231,201988-5-0-5.wav,201988,4.171607,8.171607,1,7,5,engine_idling
5232,201988-5-0-6.wav,201988,4.671607,8.671607,1,7,5,engine_idling
5233,201988-5-0-7.wav,201988,5.171607,9.171607,1,7,5,engine_idling
5234,201988-5-0-8.wav,201988,5.671607,9.671607,1,7,5,engine_idling
5235,201988-5-0-9.wav,201988,6.171607,10.171607,1,7,5,engine_idling
5236,201988-5-1-0.wav,201988,53.567401000000004,56.30275699999999,1,7,5,engine_idling
5287,203913-8-0-0.wav,203913,0.0,4.0,1,5,8,siren
5288,203913-8-0-1.wav,203913,0.5,4.5,1,5,8,siren
5289,203913-8-0-10.wav,203913,5.0,9.0,1,5,8,siren
5290,203913-8-0-11.wav,203913,5.5,9.5,1,5,8,siren
5291,203913-8-0-12.wav,203913,6.0,10.0,1,5,8,siren
5292,203913-8-0-2.wav,203913,1.0,5.0,1,5,8,siren
5293,203913-8-0-3.wav,203913,1.5,5.5,1,5,8,siren
5294,203913-8-0-4.wav,203913,2.0,6.0,1,5,8,siren
5295,203913-8-0-5.wav,203913,2.5,6.5,1,5,8,siren
5296,203913-8-0-6.wav,203913,3.0,7.0,1,5,8,siren
5297,203913-8-0-7.wav,203913,3.5,7.5,1,5,8,siren
5298,203913-8-0-8.wav,203913,4.0,8.0,1,5,8,siren
5299,203913-8-0-9.wav,203913,4.5,8.5,1,5,8,siren
5300,203913-8-1-0.wav,203913,42.137646000000004,46.137646000000004,2,5,8,siren
5301,203913-8-1-1.wav,203913,42.637646000000004,46.637646000000004,2,5,8,siren
5302,203913-8-1-2.wav,203913,43.137646000000004,47.137646000000004,2,5,8,siren
5303,203913-8-1-3.wav,203913,43.637646000000004,47.637646000000004,2,5,8,siren
5304,203913-8-1-4.wav,203913,44.137646000000004,48.137646000000004,2,5,8,siren
5305,203913-8-1-5.wav,203913,44.637646000000004,48.637646000000004,2,5,8,siren
5378,203956-1-0-0.wav,203956,14.903579,16.239276999999998,1,4,1,car_horn
5379,203962-5-0-0.wav,203962,0.0,4.0,1,5,5,engine_idling
5380,203962-5-0-1.wav,203962,0.5,4.5,1,5,5,engine_idling
5438,204765-1-0-0.wav,204765,24.327782,26.496128000000002,2,4,1,car_horn
5447,205013-6-0-0.wav,205013,0.0,1.497188,1,10,6,gun_shot
5529,208652-8-0-0.wav,208652,0.0,4.0,2,10,8,siren
5530,208652-8-2-0.wav,208652,10.163433,11.651236,2,10,8,siren
5531,208652-8-4-0.wav,208652,16.713631,18.356011,2,10,8,siren
5532,208652-8-6-0.wav,208652,20.771275,22.297723,2,10,8,siren
5537,209864-5-0-0.wav,209864,1.580937,5.5809370000000005,1,4,5,engine_idling
5538,209864-5-0-1.wav,209864,2.080937,6.0809370000000005,1,4,5,engine_idling
5539,209864-5-0-2.wav,209864,2.580937,6.580937,1,4,5,engine_idling
5540,209864-5-0-3.wav,209864,3.080937,7.080937,1,4,5,engine_idling
5541,209992-5-0-0.wav,209992,5.143535,9.143535,1,7,5,engine_idling
5542,209992-5-1-4.wav,209992,44.137425,48.137425,2,7,5,engine_idling
5543,209992-5-1-7.wav,209992,45.637425,49.637425,2,7,5,engine_idling
5544,209992-5-2-100.wav,209992,158.409901,162.409901,1,7,5,engine_idling
5545,209992-5-2-114.wav,209992,165.409901,169.409901,1,7,5,engine_idling
5546,209992-5-2-115.wav,209992,165.909901,169.909901,1,7,5,engine_idling
5547,209992-5-2-116.wav,209992,166.409901,170.409901,1,7,5,engine_idling
5548,209992-5-2-131.wav,209992,173.909901,177.909901,1,7,5,engine_idling
5549,209992-5-2-137.wav,209992,176.909901,180.909901,1,7,5,engine_idling
5550,209992-5-2-138.wav,209992,177.409901,181.409901,1,7,5,engine_idling
5551,209992-5-2-26.wav,209992,121.409901,125.409901,1,7,5,engine_idling
5552,209992-5-2-42.wav,209992,129.409901,133.409901,1,7,5,engine_idling
5553,209992-5-2-43.wav,209992,129.909901,133.909901,1,7,5,engine_idling
5554,209992-5-2-77.wav,209992,146.909901,150.909901,1,7,5,engine_idling
5555,209992-5-2-79.wav,209992,147.909901,151.909901,1,7,5,engine_idling
5556,209992-5-2-8.wav,209992,112.409901,116.409901,1,7,5,engine_idling
5557,209992-5-2-81.wav,209992,148.909901,152.909901,1,7,5,engine_idling
5558,209992-5-2-82.wav,209992,149.409901,153.409901,1,7,5,engine_idling
5559,209992-5-2-87.wav,209992,151.909901,155.909901,1,7,5,engine_idling
5560,209992-5-2-91.wav,209992,153.909901,157.909901,1,7,5,engine_idling
5561,209992-5-3-22.wav,209992,420.10889699999996,424.10889699999996,1,7,5,engine_idling
5562,209992-5-3-5.wav,209992,411.608897,415.608897,1,7,5,engine_idling
5563,209992-5-3-6.wav,209992,412.108897,416.108897,1,7,5,engine_idling
5564,209992-5-4-1.wav,209992,543.538647,547.538647,2,7,5,engine_idling
5565,209992-5-4-15.wav,209992,550.538647,554.538647,2,7,5,engine_idling
5566,209992-5-4-17.wav,209992,551.538647,555.538647,2,7,5,engine_idling
5567,209992-5-4-3.wav,209992,544.538647,548.538647,2,7,5,engine_idling
5568,21187-5-0-0.wav,21187,0.0,1.22034,1,5,5,engine_idling
5587,22601-8-0-0.wav,22601,0.0,4.0,2,3,8,siren
5588,22601-8-0-1.wav,22601,0.5,4.5,2,3,8,siren
5589,22601-8-0-10.wav,22601,5.0,9.0,2,3,8,siren
5590,22601-8-0-11.wav,22601,5.5,9.5,2,3,8,siren
5591,22601-8-0-12.wav,22601,6.0,10.0,2,3,8,siren
5592,22601-8-0-13.wav,22601,6.5,10.5,2,3,8,siren
5593,22601-8-0-14.wav,22601,7.0,11.0,2,3,8,siren
5594,22601-8-0-15.wav,22601,7.5,11.5,2,3,8,siren
5595,22601-8-0-16.wav,22601,8.0,12.0,2,3,8,siren
5596,22601-8-0-17.wav,22601,8.5,12.5,2,3,8,siren
5597,22601-8-0-18.wav,22601,9.0,13.0,2,3,8,siren
5598,22601-8-0-19.wav,22601,9.5,13.5,2,3,8,siren
5599,22601-8-0-2.wav,22601,1.0,5.0,2,3,8,siren
5600,22601-8-0-20.wav,22601,10.0,14.0,2,3,8,siren
5601,22601-8-0-21.wav,22601,10.5,14.5,2,3,8,siren
5602,22601-8-0-22.wav,22601,11.0,15.0,2,3,8,siren
5603,22601-8-0-23.wav,22601,11.5,15.5,2,3,8,siren
5604,22601-8-0-24.wav,22601,12.0,16.0,2,3,8,siren
5605,22601-8-0-25.wav,22601,12.5,16.5,2,3,8,siren
5606,22601-8-0-26.wav,22601,13.0,17.0,2,3,8,siren
5607,22601-8-0-27.wav,22601,13.5,17.5,2,3,8,siren
5608,22601-8-0-28.wav,22601,14.0,18.0,2,3,8,siren
5609,22601-8-0-29.wav,22601,14.5,18.5,2,3,8,siren
5610,22601-8-0-3.wav,22601,1.5,5.5,2,3,8,siren
5611,22601-8-0-30.wav,22601,15.0,19.0,2,3,8,siren
5612,22601-8-0-31.wav,22601,15.5,19.5,2,3,8,siren
5613,22601-8-0-32.wav,22601,16.0,20.0,2,3,8,siren
5614,22601-8-0-33.wav,22601,16.5,20.5,2,3,8,siren
5615,22601-8-0-34.wav,22601,17.0,21.0,2,3,8,siren
5616,22601-8-0-35.wav,22601,17.5,21.5,2,3,8,siren
5617,22601-8-0-36.wav,22601,18.0,22.0,2,3,8,siren
5618,22601-8-0-37.wav,22601,18.5,22.5,2,3,8,siren
5619,22601-8-0-38.wav,22601,19.0,23.0,2,3,8,siren
5620,22601-8-0-39.wav,22601,19.5,23.5,2,3,8,siren
5621,22601-8-0-4.wav,22601,2.0,6.0,2,3,8,siren
5622,22601-8-0-40.wav,22601,20.0,24.0,2,3,8,siren
5623,22601-8-0-41.wav,22601,20.5,24.5,2,3,8,siren
5624,22601-8-0-42.wav,22601,21.0,25.0,2,3,8,siren
5625,22601-8-0-43.wav,22601,21.5,25.5,2,3,8,siren
5626,22601-8-0-44.wav,22601,22.0,26.0,2,3,8,siren
5627,22601-8-0-45.wav,22601,22.5,26.5,2,3,8,siren
5628,22601-8-0-46.wav,22601,23.0,27.0,2,3,8,siren
5629,22601-8-0-47.wav,22601,23.5,27.5,2,3,8,siren
5630,22601-8-0-48.wav,22601,24.0,28.0,2,3,8,siren
5631,22601-8-0-49.wav,22601,24.5,28.5,2,3,8,siren
5632,22601-8-0-5.wav,22601,2.5,6.5,2,3,8,siren
5633,22601-8-0-50.wav,22601,25.0,29.0,2,3,8,siren
5634,22601-8-0-51.wav,22601,25.5,29.5,2,3,8,siren
5635,22601-8-0-52.wav,22601,26.0,30.0,2,3,8,siren
5636,22601-8-0-53.wav,22601,26.5,30.5,2,3,8,siren
5637,22601-8-0-54.wav,22601,27.0,31.0,2,3,8,siren
5638,22601-8-0-6.wav,22601,3.0,7.0,2,3,8,siren
5639,22601-8-0-7.wav,22601,3.5,7.5,2,3,8,siren
5640,22601-8-0-8.wav,22601,4.0,8.0,2,3,8,siren
5641,22601-8-0-9.wav,22601,4.5,8.5,2,3,8,siren
5642,22882-5-0-0.wav,22882,0.0,4.0,1,9,5,engine_idling
5643,22882-5-0-1.wav,22882,0.5,4.5,1,9,5,engine_idling
5706,22885-5-0-0.wav,22885,2.17286,6.17286,1,9,5,engine_idling
5717,23161-6-0-0.wav,23161,58.366645,58.635605000000005,2,4,6,gun_shot
5718,23161-6-1-0.wav,23161,59.26566700000001,59.581943,2,4,6,gun_shot
5719,23218-5-0-0.wav,23218,1.35891,2.882536,1,10,5,engine_idling
5720,23219-5-0-0.wav,23219,2.127165,6.127165,1,5,5,engine_idling
5721,23219-5-0-1.wav,23219,2.627165,6.627165,1,5,5,engine_idling
5722,23219-5-0-10.wav,23219,7.127165,11.127165,1,5,5,engine_idling
5723,23219-5-0-11.wav,23219,7.627165,11.627165,1,5,5,engine_idling
5724,23219-5-0-12.wav,23219,8.127165,12.127165,1,5,5,engine_idling
5725,23219-5-0-13.wav,23219,8.627165,12.627165,1,5,5,engine_idling
5726,23219-5-0-2.wav,23219,3.127165,7.127165,1,5,5,engine_idling
5727,23219-5-0-3.wav,23219,3.627165,7.627165,1,5,5,engine_idling
5728,23219-5-0-4.wav,23219,4.127165,8.127165,1,5,5,engine_idling
5729,23219-5-0-5.wav,23219,4.627165,8.627165,1,5,5,engine_idling
5730,23219-5-0-6.wav,23219,5.127165,9.127165,1,5,5,engine_idling
5731,23219-5-0-7.wav,23219,5.627165,9.627165,1,5,5,engine_idling
5732,23219-5-0-8.wav,23219,6.127165,10.127165,1,5,5,engine_idling
5733,23219-5-0-9.wav,23219,6.627165,10.627165,1,5,5,engine_idling
5734,23219-5-1-0.wav,23219,40.295737,44.295737,1,5,5,engine_idling
5735,23219-5-1-1.wav,23219,40.795737,44.795737,1,5,5,engine_idling
5736,23219-5-1-2.wav,23219,41.295737,45.295737,1,5,5,engine_idling
5737,24074-1-0-0.wav,24074,13.060993,17.060993,1,1,1,car_horn
5738,24074-1-0-1.wav,24074,13.560993,17.560993,1,1,1,car_horn
5739,24074-1-0-10.wav,24074,18.060993,22.060993,1,1,1,car_horn
5740,24074-1-0-11.wav,24074,18.560993,22.560993,1,1,1,car_horn
5741,24074-1-0-12.wav,24074,19.060993,23.060993,1,1,1,car_horn
5742,24074-1-0-13.wav,24074,19.560993,23.560993,1,1,1,car_horn
5743,24074-1-0-2.wav,24074,14.060993,18.060993,1,1,1,car_horn
5744,24074-1-0-3.wav,24074,14.560993,18.560993,1,1,1,car_horn
5745,24074-1-0-4.wav,24074,15.060993,19.060993,1,1,1,car_horn
5746,24074-1-0-5.wav,24074,15.560993,19.560993,1,1,1,car_horn
5747,24074-1-0-6.wav,24074,16.060993,20.060993,1,1,1,car_horn
5748,24074-1-0-7.wav,24074,16.560993,20.560993,1,1,1,car_horn
5749,24074-1-0-8.wav,24074,17.060993,21.060993,1,1,1,car_horn
5750,24074-1-0-9.wav,24074,17.560993,21.560993,1,1,1,car_horn
5751,24076-1-0-0.wav,24076,37.46937,38.460065,1,10,1,car_horn
5752,24076-1-1-0.wav,24076,38.856344,42.009706,1,10,1,car_horn
5753,24347-8-0-0.wav,24347,4.120371,8.120371,2,4,8,siren
5754,24347-8-0-1.wav,24347,4.620371,8.620371,2,4,8,siren
5755,24347-8-0-10.wav,24347,9.120371,13.120370999999999,2,4,8,siren
5756,24347-8-0-11.wav,24347,9.620371,13.620370999999999,2,4,8,siren
5757,24347-8-0-12.wav,24347,10.120371,14.120370999999999,2,4,8,siren
5758,24347-8-0-13.wav,24347,10.620371,14.620370999999999,2,4,8,siren
5759,24347-8-0-14.wav,24347,11.120371,15.120370999999999,2,4,8,siren
5760,24347-8-0-15.wav,24347,11.620371,15.620370999999999,2,4,8,siren
5761,24347-8-0-16.wav,24347,12.120371,16.120371,2,4,8,siren
5762,24347-8-0-17.wav,24347,12.620371,16.620371,2,4,8,siren
5763,24347-8-0-18.wav,24347,13.120370999999999,17.120371,2,4,8,siren
5764,24347-8-0-19.wav,24347,13.620370999999999,17.620371,2,4,8,siren
5765,24347-8-0-2.wav,24347,5.120371,9.120371,2,4,8,siren
5766,24347-8-0-20.wav,24347,14.120370999999999,18.120371,2,4,8,siren
5767,24347-8-0-21.wav,24347,14.620370999999999,18.620371,2,4,8,siren
5768,24347-8-0-22.wav,24347,15.120370999999999,19.120371,2,4,8,siren
5769,24347-8-0-23.wav,24347,15.620370999999999,19.620371,2,4,8,siren
5770,24347-8-0-24.wav,24347,16.120371,20.120371,2,4,8,siren
5771,24347-8-0-25.wav,24347,16.620371,20.620371,2,4,8,siren
5772,24347-8-0-26.wav,24347,17.120371,21.120371,2,4,8,siren
5773,24347-8-0-27.wav,24347,17.620371,21.620371,2,4,8,siren
5774,24347-8-0-28.wav,24347,18.120371,22.120371,2,4,8,siren
5775,24347-8-0-29.wav,24347,18.620371,22.620371,2,4,8,siren
5776,24347-8-0-3.wav,24347,5.620371,9.620371,2,4,8,siren
5777,24347-8-0-30.wav,24347,19.120371,23.120371,2,4,8,siren
5778,24347-8-0-31.wav,24347,19.620371,23.620371,2,4,8,siren
5779,24347-8-0-32.wav,24347,20.120371,24.120371,2,4,8,siren
5780,24347-8-0-33.wav,24347,20.620371,24.620371,2,4,8,siren
5781,24347-8-0-34.wav,24347,21.120371,25.120371,2,4,8,siren
5782,24347-8-0-35.wav,24347,21.620371,25.620371,2,4,8,siren
5783,24347-8-0-36.wav,24347,22.120371,26.120371,2,4,8,siren
5784,24347-8-0-37.wav,24347,22.620371,26.620371000000002,2,4,8,siren
5785,24347-8-0-38.wav,24347,23.120371,27.120371000000002,2,4,8,siren
5786,24347-8-0-39.wav,24347,23.620371,27.620371000000002,2,4,8,siren
5787,24347-8-0-4.wav,24347,6.120371,10.120371,2,4,8,siren
5788,24347-8-0-40.wav,24347,24.120371,28.120371000000002,2,4,8,siren
5789,24347-8-0-41.wav,24347,24.620371,28.620371000000002,2,4,8,siren
5790,24347-8-0-42.wav,24347,25.120371,29.120371000000002,2,4,8,siren
5791,24347-8-0-43.wav,24347,25.620371,29.620371000000002,2,4,8,siren
5792,24347-8-0-44.wav,24347,26.120371,30.120371000000002,2,4,8,siren
5793,24347-8-0-45.wav,24347,26.620371000000002,30.620371000000002,2,4,8,siren
5794,24347-8-0-46.wav,24347,27.120371000000002,31.120371000000002,2,4,8,siren
5795,24347-8-0-47.wav,24347,27.620371000000002,31.620371000000002,2,4,8,siren
5796,24347-8-0-48.wav,24347,28.120371000000002,32.120371,2,4,8,siren
5797,24347-8-0-49.wav,24347,28.620371000000002,32.620371,2,4,8,siren
5798,24347-8-0-5.wav,24347,6.6203710000000004,10.620371,2,4,8,siren
5799,24347-8-0-50.wav,24347,29.120371000000002,33.120371,2,4,8,siren
5800,24347-8-0-51.wav,24347,29.620371000000002,33.620371,2,4,8,siren
5801,24347-8-0-52.wav,24347,30.120371000000002,34.120371,2,4,8,siren
5802,24347-8-0-53.wav,24347,30.620371000000002,34.620371,2,4,8,siren
5803,24347-8-0-54.wav,24347,31.120371000000002,35.120371,2,4,8,siren
5804,24347-8-0-55.wav,24347,31.620371000000002,35.620371,2,4,8,siren
5805,24347-8-0-56.wav,24347,32.120371,36.120371,2,4,8,siren
5806,24347-8-0-57.wav,24347,32.620371,36.620371,2,4,8,siren
5807,24347-8-0-58.wav,24347,33.120371,37.120371,2,4,8,siren
5808,24347-8-0-59.wav,24347,33.620371,37.620371,2,4,8,siren
5809,24347-8-0-6.wav,24347,7.1203710000000004,11.120371,2,4,8,siren
5810,24347-8-0-60.wav,24347,34.120371,38.120371,2,4,8,siren
5811,24347-8-0-61.wav,24347,34.620371,38.620371,2,4,8,siren
5812,24347-8-0-62.wav,24347,35.120371,39.120371,2,4,8,siren
5813,24347-8-0-63.wav,24347,35.620371,39.620371,2,4,8,siren
5814,24347-8-0-64.wav,24347,36.120371,40.120371,2,4,8,siren
5815,24347-8-0-65.wav,24347,36.620371,40.620371,2,4,8,siren
5816,24347-8-0-66.wav,24347,37.120371,41.120371,2,4,8,siren
5817,24347-8-0-67.wav,24347,37.620371,41.620371,2,4,8,siren
5818,24347-8-0-68.wav,24347,38.120371,42.120371,2,4,8,siren
5819,24347-8-0-69.wav,24347,38.620371,42.620371,2,4,8,siren
5820,24347-8-0-7.wav,24347,7.6203710000000004,11.620371,2,4,8,siren
5821,24347-8-0-70.wav,24347,39.120371,43.120371,2,4,8,siren
5822,24347-8-0-71.wav,24347,39.620371,43.620371,2,4,8,siren
5823,24347-8-0-72.wav,24347,40.120371,44.120371,2,4,8,siren
5824,24347-8-0-73.wav,24347,40.620371,44.620371,2,4,8,siren
5825,24347-8-0-74.wav,24347,41.120371,45.120371,2,4,8,siren
5826,24347-8-0-75.wav,24347,41.620371,45.620371,2,4,8,siren
5827,24347-8-0-76.wav,24347,42.120371,46.120371,2,4,8,siren
5828,24347-8-0-77.wav,24347,42.620371,46.620371,2,4,8,siren
5829,24347-8-0-78.wav,24347,43.120371,47.120371,2,4,8,siren
5830,24347-8-0-79.wav,24347,43.620371,47.620371,2,4,8,siren
5831,24347-8-0-8.wav,24347,8.120371,12.120371,2,4,8,siren
5832,24347-8-0-80.wav,24347,44.120371,48.120371,2,4,8,siren
5833,24347-8-0-81.wav,24347,44.620371,48.620371,2,4,8,siren
5834,24347-8-0-82.wav,24347,45.120371,49.120371,2,4,8,siren
5835,24347-8-0-83.wav,24347,45.620371,49.620371,2,4,8,siren
5836,24347-8-0-84.wav,24347,46.120371,50.120371,2,4,8,siren
5837,24347-8-0-85.wav,24347,46.620371,50.620371,2,4,8,siren
5838,24347-8-0-86.wav,24347,47.120371,51.120371,2,4,8,siren
5839,24347-8-0-87.wav,24347,47.620371,51.620371,2,4,8,siren
5840,24347-8-0-88.wav,24347,48.120371,52.120371,2,4,8,siren
5841,24347-8-0-89.wav,24347,48.620371,52.620371,2,4,8,siren
5842,24347-8-0-9.wav,24347,8.620371,12.620371,2,4,8,siren
5843,24347-8-0-90.wav,24347,49.120371,53.120371,2,4,8,siren
5844,24347-8-0-91.wav,24347,49.620371,53.620371,2,4,8,siren
5845,24347-8-0-92.wav,24347,50.120371,54.120371,2,4,8,siren
5846,24347-8-0-93.wav,24347,50.620371,54.620371,2,4,8,siren
5847,24347-8-0-94.wav,24347,51.120371,55.120371,2,4,8,siren
5848,24347-8-0-95.wav,24347,51.620371,55.620371,2,4,8,siren
5849,24347-8-0-96.wav,24347,52.120371,56.120371,2,4,8,siren
5850,24347-8-0-97.wav,24347,52.620371,56.620371,2,4,8,siren
5851,24347-8-0-98.wav,24347,53.120371,57.120371,2,4,8,siren
5852,24347-8-0-99.wav,24347,53.620371,57.620371,2,4,8,siren
5866,24631-6-0-0.wav,24631,9.230523,9.486839,2,7,6,gun_shot
5867,24632-6-0-0.wav,24632,26.769969,27.264824,2,4,6,gun_shot
5868,24632-6-1-0.wav,24632,29.012176,29.292025,2,4,6,gun_shot
5869,24652-6-0-0.wav,24652,43.452133,43.932788,2,4,6,gun_shot
5880,25037-6-0-0.wav,25037,0.031984,1.365476,2,10,6,gun_shot
5881,25037-6-1-0.wav,25037,1.3777780000000002,2.7038889999999998,2,10,6,gun_shot
5882,25038-6-0-0.wav,25038,0.073727,1.754709,1,9,6,gun_shot
5883,25038-6-1-0.wav,25038,1.754709,3.1506119999999997,1,9,6,gun_shot
5884,25039-6-0-0.wav,25039,0.265152,1.9701380000000002,1,8,6,gun_shot
5885,25039-6-1-0.wav,25039,1.9701380000000002,3.712121,1,8,6,gun_shot
5886,26173-8-0-0.wav,26173,0.0,2.373832,1,10,8,siren
5887,26176-1-0-0.wav,26176,0.32062199999999996,1.435087,1,8,1,car_horn
5888,26177-1-0-0.wav,26177,0.0,0.246102,2,5,1,car_horn
5889,26177-1-1-0.wav,26177,0.8662780000000001,2.039362,1,5,1,car_horn
5890,26177-1-2-0.wav,26177,2.164053,3.6701949999999997,2,5,1,car_horn
5891,26184-5-0-0.wav,26184,0.825952,2.6994540000000002,1,5,5,engine_idling
5892,26184-5-1-0.wav,26184,5.862247,6.889651,1,5,5,engine_idling
5893,26184-5-2-0.wav,26184,8.581846,9.709976,1,5,5,engine_idling
5894,26184-5-3-0.wav,26184,11.220864,13.819592000000002,1,5,5,engine_idling
5895,26184-5-4-0.wav,26184,15.471497,19.471497,1,5,5,engine_idling
5896,26184-5-4-1.wav,26184,15.971497,19.971497,1,5,5,engine_idling
5897,26184-5-4-2.wav,26184,16.471497,20.471497,1,5,5,engine_idling
5898,26184-5-4-3.wav,26184,16.971497,20.971497,1,5,5,engine_idling
5899,26185-1-0-0.wav,26185,0.007625,0.340057,1,9,1,car_horn
5900,26185-1-1-0.wav,26185,0.46052600000000005,0.817357,1,9,1,car_horn
5901,26186-1-0-0.wav,26186,0.0,0.39210900000000004,1,9,1,car_horn
5918,27068-1-0-0.wav,27068,26.451321999999998,26.667696000000003,2,9,1,car_horn
5947,28426-8-0-0.wav,28426,1.227678,4.249656,2,5,8,siren
5948,28426-8-1-0.wav,28426,5.382897,8.390346000000001,2,5,8,siren
5949,28426-8-2-0.wav,28426,10.765794999999999,14.38345,2,5,8,siren
5950,28808-1-0-0.wav,28808,0.0,4.0,1,10,1,car_horn
5951,28808-1-0-1.wav,28808,0.5,4.5,1,10,1,car_horn
5952,28808-1-0-10.wav,28808,5.0,9.0,1,10,1,car_horn
5953,28808-1-0-11.wav,28808,5.5,9.5,1,10,1,car_horn
5954,28808-1-0-2.wav,28808,1.0,5.0,1,10,1,car_horn
5955,28808-1-0-3.wav,28808,1.5,5.5,1,10,1,car_horn
5956,28808-1-0-4.wav,28808,2.0,6.0,1,10,1,car_horn
5957,28808-1-0-5.wav,28808,2.5,6.5,1,10,1,car_horn
5958,28808-1-0-6.wav,28808,3.0,7.0,1,10,1,car_horn
5959,28808-1-0-7.wav,28808,3.5,7.5,1,10,1,car_horn
5960,28808-1-0-8.wav,28808,4.0,8.0,1,10,1,car_horn
5961,28808-1-0-9.wav,28808,4.5,8.5,1,10,1,car_horn
5962,28808-1-1-0.wav,28808,27.28857,31.28857,2,10,1,car_horn
5963,28808-1-1-1.wav,28808,27.78857,31.78857,2,10,1,car_horn
5964,2937-1-0-0.wav,2937,0.0,0.474663,1,10,1,car_horn
5987,29932-1-0-0.wav,29932,181.72522800000002,183.56348899999998,2,6,1,car_horn
5988,29932-1-1-0.wav,29932,280.466103,281.91045099999997,2,6,1,car_horn
6059,30823-8-0-0.wav,30823,7.167619,11.167619,2,1,8,siren
6098,32417-1-0-0.wav,32417,0.079235,0.42450299999999996,1,3,1,car_horn
6142,34241-1-0-0.wav,34241,0.693691,1.988582,2,7,1,car_horn
6143,34241-1-1-0.wav,34241,3.6534410000000004,5.08707,2,7,1,car_horn
6144,34241-1-2-0.wav,34241,6.335714,10.081647,1,7,1,car_horn
6177,34708-6-0-0.wav,34708,4.0448830000000005,5.450308000000001,1,3,6,gun_shot
6178,34708-6-1-0.wav,34708,7.901233,9.255239999999999,1,3,6,gun_shot
6179,34708-6-2-0.wav,34708,11.329099000000001,12.871639,1,3,6,gun_shot
6180,34708-6-3-0.wav,34708,14.671269,16.488038,1,3,6,gun_shot
6181,34708-6-4-0.wav,34708,17.516398000000002,18.938963,1,3,6,gun_shot
6182,34708-6-5-0.wav,34708,20.070159,21.304191,1,3,6,gun_shot
6201,34952-8-0-0.wav,34952,0.0,4.0,2,6,8,siren
6202,34952-8-0-1.wav,34952,0.5,4.5,2,6,8,siren
6203,34952-8-0-2.wav,34952,1.0,5.0,2,6,8,siren
6204,34952-8-0-3.wav,34952,1.5,5.5,2,6,8,siren
6205,34952-8-0-4.wav,34952,2.0,6.0,2,6,8,siren
6206,34952-8-0-5.wav,34952,2.5,6.5,2,6,8,siren
6207,34952-8-0-6.wav,34952,3.0,7.0,2,6,8,siren
6208,34952-8-0-7.wav,34952,3.5,7.5,2,6,8,siren
6231,35799-6-0-0.wav,35799,0.285213,1.297721,1,4,6,gun_shot
6232,35800-6-0-0.wav,35800,0.297187,4.297187,1,2,6,gun_shot
6245,36403-6-0-0.wav,36403,26.137401999999998,26.89012,2,6,6,gun_shot
6256,37236-6-0-0.wav,37236,0.0,2.17,1,2,6,gun_shot
6281,39847-5-0-0.wav,39847,0.0,4.0,1,10,5,engine_idling
6282,39847-5-0-1.wav,39847,0.5,4.5,1,10,5,engine_idling
6283,39847-5-0-10.wav,39847,5.0,9.0,1,10,5,engine_idling
6284,39847-5-0-11.wav,39847,5.5,9.5,1,10,5,engine_idling
6285,39847-5-0-12.wav,39847,6.0,10.0,1,10,5,engine_idling
6286,39847-5-0-2.wav,39847,1.0,5.0,1,10,5,engine_idling
6287,39847-5-0-3.wav,39847,1.5,5.5,1,10,5,engine_idling
6288,39847-5-0-4.wav,39847,2.0,6.0,1,10,5,engine_idling
6289,39847-5-0-5.wav,39847,2.5,6.5,1,10,5,engine_idling
6290,39847-5-0-6.wav,39847,3.0,7.0,1,10,5,engine_idling
6291,39847-5-0-7.wav,39847,3.5,7.5,1,10,5,engine_idling
6292,39847-5-0-8.wav,39847,4.0,8.0,1,10,5,engine_idling
6293,39847-5-0-9.wav,39847,4.5,8.5,1,10,5,engine_idling
6294,39847-5-1-0.wav,39847,44.875273,47.679977,1,10,5,engine_idling
6295,39852-5-0-0.wav,39852,0.0,4.0,1,6,5,engine_idling
6296,39852-5-0-1.wav,39852,0.5,4.5,1,6,5,engine_idling
6297,39854-5-0-0.wav,39854,1.665405,5.665405000000001,1,6,5,engine_idling
6298,39854-5-1-0.wav,39854,144.073254,148.073254,1,6,5,engine_idling
6299,39854-5-1-1.wav,39854,144.573254,148.573254,1,6,5,engine_idling
6300,39854-5-1-2.wav,39854,145.073254,149.073254,1,6,5,engine_idling
6301,39854-5-1-3.wav,39854,145.573254,149.573254,1,6,5,engine_idling
6302,39854-5-1-4.wav,39854,146.073254,150.073254,1,6,5,engine_idling
6303,39856-5-0-0.wav,39856,0.0,4.0,1,9,5,engine_idling
6304,39856-5-0-1.wav,39856,0.5,4.5,1,9,5,engine_idling
6305,39856-5-0-10.wav,39856,5.0,9.0,1,9,5,engine_idling
6306,39856-5-0-11.wav,39856,5.5,9.5,1,9,5,engine_idling
6307,39856-5-0-12.wav,39856,6.0,10.0,1,9,5,engine_idling
6308,39856-5-0-13.wav,39856,6.5,10.5,1,9,5,engine_idling
6309,39856-5-0-14.wav,39856,7.0,11.0,1,9,5,engine_idling
6310,39856-5-0-15.wav,39856,7.5,11.5,1,9,5,engine_idling
6311,39856-5-0-16.wav,39856,8.0,12.0,1,9,5,engine_idling
6312,39856-5-0-17.wav,39856,8.5,12.5,1,9,5,engine_idling
6313,39856-5-0-18.wav,39856,9.0,13.0,1,9,5,engine_idling
6314,39856-5-0-19.wav,39856,9.5,13.5,1,9,5,engine_idling
6315,39856-5-0-2.wav,39856,1.0,5.0,1,9,5,engine_idling
6316,39856-5-0-20.wav,39856,10.0,14.0,1,9,5,engine_idling
6317,39856-5-0-21.wav,39856,10.5,14.5,1,9,5,engine_idling
6318,39856-5-0-22.wav,39856,11.0,15.0,1,9,5,engine_idling
6319,39856-5-0-23.wav,39856,11.5,15.5,1,9,5,engine_idling
6320,39856-5-0-24.wav,39856,12.0,16.0,1,9,5,engine_idling
6321,39856-5-0-25.wav,39856,12.5,16.5,1,9,5,engine_idling
6322,39856-5-0-26.wav,39856,13.0,17.0,1,9,5,engine_idling
6323,39856-5-0-27.wav,39856,13.5,17.5,1,9,5,engine_idling
6324,39856-5-0-28.wav,39856,14.0,18.0,1,9,5,engine_idling
6325,39856-5-0-3.wav,39856,1.5,5.5,1,9,5,engine_idling
6326,39856-5-0-4.wav,39856,2.0,6.0,1,9,5,engine_idling
6327,39856-5-0-5.wav,39856,2.5,6.5,1,9,5,engine_idling
6328,39856-5-0-6.wav,39856,3.0,7.0,1,9,5,engine_idling
6329,39856-5-0-7.wav,39856,3.5,7.5,1,9,5,engine_idling
6330,39856-5-0-8.wav,39856,4.0,8.0,1,9,5,engine_idling
6331,39856-5-0-9.wav,39856,4.5,8.5,1,9,5,engine_idling
6332,39857-5-0-0.wav,39857,0.0,4.0,1,7,5,engine_idling
6333,39857-5-0-1.wav,39857,0.5,4.5,1,7,5,engine_idling
6334,39857-5-0-2.wav,39857,1.0,5.0,1,7,5,engine_idling
6335,39857-5-1-0.wav,39857,10.562855,14.562854999999999,1,7,5,engine_idling
6336,39857-5-1-1.wav,39857,11.062855,15.062854999999999,1,7,5,engine_idling
6337,39857-5-1-2.wav,39857,11.562855,15.562854999999999,1,7,5,engine_idling
6338,39857-5-1-3.wav,39857,12.062855,16.062855,1,7,5,engine_idling
6339,39857-5-2-0.wav,39857,22.089475,23.7857,1,7,5,engine_idling
6340,39857-5-3-0.wav,39857,25.481925,29.028577000000002,1,7,5,engine_idling
6341,39857-5-4-0.wav,39857,30.532049,33.963049,1,7,5,engine_idling
6342,39857-5-5-0.wav,39857,35.505072,39.505072,1,7,5,engine_idling
6343,39857-5-5-1.wav,39857,36.005072,40.005072,1,7,5,engine_idling
6344,39884-5-0-0.wav,39884,8.085243,12.085243,1,6,5,engine_idling
6345,39884-5-0-1.wav,39884,8.585243,12.585243,1,6,5,engine_idling
6346,39884-5-0-2.wav,39884,9.085243,13.085243,1,6,5,engine_idling
6347,39884-5-0-3.wav,39884,9.585243,13.585243,1,6,5,engine_idling
6348,39884-5-0-4.wav,39884,10.085243,14.085243,1,6,5,engine_idling
6349,39884-5-0-5.wav,39884,10.585243,14.585243,1,6,5,engine_idling
6350,39884-5-0-6.wav,39884,11.085243,15.085243,1,6,5,engine_idling
6351,39884-5-0-7.wav,39884,11.585243,15.585243,1,6,5,engine_idling
6370,40717-8-0-0.wav,40717,0.35135500000000003,4.351355,2,2,8,siren
6371,40717-8-0-1.wav,40717,0.851355,4.851355,2,2,8,siren
6372,40717-8-0-2.wav,40717,1.3513549999999999,5.351355,2,2,8,siren
6373,40717-8-0-3.wav,40717,1.8513549999999999,5.851355,2,2,8,siren
6374,40717-8-0-4.wav,40717,2.351355,6.351355,2,2,8,siren
6375,40717-8-0-5.wav,40717,2.851355,6.851355,2,2,8,siren
6376,40717-8-0-6.wav,40717,3.3513550000000003,7.351355,2,2,8,siren
6377,40722-8-0-0.wav,40722,0.0,4.0,2,1,8,siren
6378,40722-8-0-1.wav,40722,0.5,4.5,2,1,8,siren
6379,40722-8-0-2.wav,40722,1.0,5.0,2,1,8,siren
6380,40722-8-0-3.wav,40722,1.5,5.5,2,1,8,siren
6381,40722-8-0-4.wav,40722,2.0,6.0,2,1,8,siren
6382,40722-8-0-5.wav,40722,2.5,6.5,2,1,8,siren
6383,40722-8-0-6.wav,40722,3.0,7.0,2,1,8,siren
6384,40722-8-0-7.wav,40722,3.5,7.5,2,1,8,siren
6385,40722-8-0-8.wav,40722,4.0,8.0,2,1,8,siren
6408,42101-1-1-0.wav,42101,69.97537,71.293747,2,9,1,car_horn
6409,42117-8-0-0.wav,42117,88.660252,92.660252,2,3,8,siren
6410,42117-8-0-1.wav,42117,89.160252,93.160252,2,3,8,siren
6411,42117-8-0-10.wav,42117,93.660252,97.660252,2,3,8,siren
6412,42117-8-0-11.wav,42117,94.160252,98.160252,2,3,8,siren
6413,42117-8-0-12.wav,42117,94.660252,98.660252,2,3,8,siren
6414,42117-8-0-13.wav,42117,95.160252,99.160252,2,3,8,siren
6415,42117-8-0-14.wav,42117,95.660252,99.660252,2,3,8,siren
6416,42117-8-0-2.wav,42117,89.660252,93.660252,2,3,8,siren
6417,42117-8-0-3.wav,42117,90.160252,94.160252,2,3,8,siren
6418,42117-8-0-4.wav,42117,90.660252,94.660252,2,3,8,siren
6419,42117-8-0-5.wav,42117,91.160252,95.160252,2,3,8,siren
6420,42117-8-0-6.wav,42117,91.660252,95.660252,2,3,8,siren
6421,42117-8-0-7.wav,42117,92.160252,96.160252,2,3,8,siren
6422,42117-8-0-8.wav,42117,92.660252,96.660252,2,3,8,siren
6423,42117-8-0-9.wav,42117,93.160252,97.160252,2,3,8,siren
6424,42117-8-1-0.wav,42117,124.611628,128.611628,2,3,8,siren
6461,43802-1-0-0.wav,43802,1.111691,1.2936040000000002,1,6,1,car_horn
6462,43802-1-1-0.wav,43802,2.425507,2.627632,1,6,1,car_horn
6463,43802-1-2-0.wav,43802,8.044597999999999,8.287148,2,6,1,car_horn
6464,43803-1-0-0.wav,43803,2.225494,2.404799,2,5,1,car_horn
6465,43805-8-0-0.wav,43805,49.532944,53.53294399999999,1,7,8,siren
6466,43805-8-1-0.wav,43805,64.181737,64.461469,1,7,8,siren
6467,43805-8-2-0.wav,43805,64.723608,64.983987,1,7,8,siren
6468,43805-8-3-0.wav,43805,79.179405,79.537549,2,7,8,siren
6469,43805-8-4-0.wav,43805,80.16040699999999,80.589329,2,7,8,siren
6470,43806-8-0-0.wav,43806,0.0,4.0,1,1,8,siren
6475,44278-1-0-0.wav,44278,6.453018,7.489103999999999,2,4,1,car_horn
6476,44278-1-1-0.wav,44278,9.944179,10.282033,2,4,1,car_horn
6483,44735-5-0-0.wav,44735,0.0,4.0,1,2,5,engine_idling
6484,44735-5-0-1.wav,44735,0.5,4.5,1,2,5,engine_idling
6485,44736-5-0-0.wav,44736,0.0,4.0,1,1,5,engine_idling
6486,44736-5-0-1.wav,44736,0.5,4.5,1,1,5,engine_idling
6487,44737-5-0-0.wav,44737,0.0,4.0,1,7,5,engine_idling
6488,44737-5-0-1.wav,44737,0.5,4.5,1,7,5,engine_idling
6489,44737-5-0-2.wav,44737,1.0,5.0,1,7,5,engine_idling
6490,44737-5-0-3.wav,44737,1.5,5.5,1,7,5,engine_idling
6494,45256-1-0-0.wav,45256,0.0,0.275708,2,5,1,car_horn
6503,46391-1-0-0.wav,46391,55.735952000000005,59.735952000000005,2,5,1,car_horn
6504,46391-1-1-0.wav,46391,98.48007199999999,99.570989,2,5,1,car_horn
6505,46654-6-0-0.wav,46654,0.084334,1.2228379999999999,1,1,6,gun_shot
6506,46655-6-0-0.wav,46655,0.365045,1.5592620000000001,1,2,6,gun_shot
6507,46656-6-0-0.wav,46656,0.24765399999999999,1.666033,1,1,6,gun_shot
6508,46656-6-1-0.wav,46656,3.32081,4.637877,1,1,6,gun_shot
6509,46656-6-2-0.wav,46656,5.549691999999999,7.046871,1,1,6,gun_shot
6510,46656-6-3-0.wav,46656,7.519664,8.938044,1,1,6,gun_shot
6511,46656-6-4-0.wav,46656,9.118155999999999,10.626591000000001,1,1,6,gun_shot
6512,46656-6-5-0.wav,46656,10.761675,12.112513,1,1,6,gun_shot
6539,46918-5-0-0.wav,46918,6.000195,10.000195,2,1,5,engine_idling
6540,46918-5-0-1.wav,46918,6.500195,10.500195,2,1,5,engine_idling
6541,46918-5-0-2.wav,46918,7.000195,11.000195,2,1,5,engine_idling
6588,49769-5-0-0.wav,49769,0.14176,4.14176,1,3,5,engine_idling
6589,49769-5-1-0.wav,49769,21.095675,22.539856,1,3,5,engine_idling
6596,49974-1-0-0.wav,49974,0.0,2.588,1,8,1,car_horn
6612,50454-5-0-0.wav,50454,0.0,4.0,1,7,5,engine_idling
6613,50455-5-0-0.wav,50455,0.0,4.0,1,6,5,engine_idling
6617,50618-6-0-0.wav,50618,7.3059449999999995,8.639775,1,4,6,gun_shot
6635,50661-5-0-0.wav,50661,0.0,4.0,1,4,5,engine_idling
6636,50661-5-0-1.wav,50661,0.5,4.5,1,4,5,engine_idling
6637,50661-5-0-2.wav,50661,1.0,5.0,1,4,5,engine_idling
6638,50661-5-0-3.wav,50661,1.5,5.5,1,4,5,engine_idling
6639,50661-5-0-4.wav,50661,2.0,6.0,1,4,5,engine_idling
6640,50661-5-0-5.wav,50661,2.5,6.5,1,4,5,engine_idling
6641,50668-5-0-0.wav,50668,0.0,4.0,1,8,5,engine_idling
6642,50668-5-0-1.wav,50668,0.5,4.5,1,8,5,engine_idling
6643,50668-5-0-2.wav,50668,1.0,5.0,1,8,5,engine_idling
6644,50668-5-1-0.wav,50668,11.614949000000001,12.519107,1,8,5,engine_idling
6645,50668-5-2-0.wav,50668,15.6257,16.41394,1,8,5,engine_idling
6646,50668-5-3-0.wav,50668,21.954804,25.594618,1,8,5,engine_idling
6647,50668-5-4-0.wav,50668,26.313308000000003,29.025781,1,8,5,engine_idling
6648,50668-5-5-0.wav,50668,31.715071000000002,35.715071,1,8,5,engine_idling
6649,50668-5-5-1.wav,50668,32.215071,36.215071,1,8,5,engine_idling
6650,50668-5-5-2.wav,50668,32.715071,36.715071,1,8,5,engine_idling
6651,50668-5-6-0.wav,50668,50.076427,51.768825,1,8,5,engine_idling
6652,50668-5-7-0.wav,50668,55.199988,58.932536,1,8,5,engine_idling
6657,50898-5-0-0.wav,50898,1.187763,4.777279,1,2,5,engine_idling
6681,52102-1-0-0.wav,52102,32.140691,32.564609000000004,2,5,1,car_horn
6686,52284-6-0-0.wav,52284,0.035404000000000005,0.8032189999999999,1,8,6,gun_shot
6687,52357-6-0-0.wav,52357,0.033194,0.9028639999999999,1,3,6,gun_shot
6725,54086-1-0-0.wav,54086,0.0,1.16194,1,10,1,car_horn
6726,54086-1-1-0.wav,54086,1.524149,2.725537,1,10,1,car_horn
6727,54086-1-2-0.wav,54086,3.066229,4.353687,1,10,1,car_horn
6736,54187-1-0-0.wav,54187,0.189361,4.189361,1,9,1,car_horn
6737,54187-1-0-1.wav,54187,0.689361,4.689361,1,9,1,car_horn
6738,54187-1-0-2.wav,54187,1.1893610000000001,5.189361,1,9,1,car_horn
6739,54187-1-0-3.wav,54187,1.6893610000000001,5.689361,1,9,1,car_horn
6740,54187-1-0-4.wav,54187,2.189361,6.189361,1,9,1,car_horn
6767,54898-8-0-0.wav,54898,46.992301,50.992301,2,3,8,siren
6768,54898-8-0-1.wav,54898,47.492301,51.492301,2,3,8,siren
6769,54898-8-0-10.wav,54898,51.992301,55.992301,2,3,8,siren
6770,54898-8-0-2.wav,54898,47.992301,51.992301,2,3,8,siren
6771,54898-8-0-3.wav,54898,48.492301,52.492301,2,3,8,siren
6772,54898-8-0-4.wav,54898,48.992301,52.992301,2,3,8,siren
6773,54898-8-0-5.wav,54898,49.492301,53.492301,2,3,8,siren
6774,54898-8-0-6.wav,54898,49.992301,53.992301,2,3,8,siren
6775,54898-8-0-7.wav,54898,50.492301,54.492301,2,3,8,siren
6776,54898-8-0-8.wav,54898,50.992301,54.992301,2,3,8,siren
6777,54898-8-0-9.wav,54898,51.492301,55.492301,2,3,8,siren
6878,57323-8-0-0.wav,57323,11.964872999999999,15.964873,2,7,8,siren
6879,57323-8-0-1.wav,57323,12.464872999999999,16.464873,2,7,8,siren
6880,57323-8-0-10.wav,57323,16.964873,20.964873,2,7,8,siren
6881,57323-8-0-11.wav,57323,17.464873,21.464873,2,7,8,siren
6882,57323-8-0-2.wav,57323,12.964872999999999,16.964873,2,7,8,siren
6883,57323-8-0-3.wav,57323,13.464873,17.464873,2,7,8,siren
6884,57323-8-0-4.wav,57323,13.964873,17.964873,2,7,8,siren
6885,57323-8-0-5.wav,57323,14.464873,18.464873,2,7,8,siren
6886,57323-8-0-6.wav,57323,14.964873,18.964873,2,7,8,siren
6887,57323-8-0-7.wav,57323,15.464873,19.464873,2,7,8,siren
6888,57323-8-0-8.wav,57323,15.964873,19.964873,2,7,8,siren
6889,57323-8-0-9.wav,57323,16.464873,20.464873,2,7,8,siren
6890,57323-8-2-0.wav,57323,47.816987,49.98469,2,7,8,siren
6905,57607-1-0-0.wav,57607,9.765042,10.262624,2,6,1,car_horn
6930,58202-1-0-0.wav,58202,0.0,1.455435,1,2,1,car_horn
7069,62564-5-0-0.wav,62564,7.431757000000001,11.431757000000001,1,6,5,engine_idling
7070,62564-5-0-1.wav,62564,7.931757000000001,11.931757000000001,1,6,5,engine_idling
7071,62564-5-0-10.wav,62564,12.431757000000001,16.431757,1,6,5,engine_idling
7072,62564-5-0-2.wav,62564,8.431757000000001,12.431757000000001,1,6,5,engine_idling
7073,62564-5-0-3.wav,62564,8.931757000000001,12.931757000000001,1,6,5,engine_idling
7074,62564-5-0-4.wav,62564,9.431757000000001,13.431757000000001,1,6,5,engine_idling
7075,62564-5-0-5.wav,62564,9.931757000000001,13.931757000000001,1,6,5,engine_idling
7076,62564-5-0-6.wav,62564,10.431757000000001,14.431757000000001,1,6,5,engine_idling
7077,62564-5-0-7.wav,62564,10.931757000000001,14.931757000000001,1,6,5,engine_idling
7078,62564-5-0-8.wav,62564,11.431757000000001,15.431757000000001,1,6,5,engine_idling
7079,62564-5-0-9.wav,62564,11.931757000000001,15.931757000000001,1,6,5,engine_idling
7080,62566-5-0-0.wav,62566,0.0,4.0,1,5,5,engine_idling
7081,62566-5-0-1.wav,62566,0.5,4.5,1,5,5,engine_idling
7082,62566-5-0-2.wav,62566,1.0,5.0,1,5,5,engine_idling
7083,62566-5-0-3.wav,62566,1.5,5.5,1,5,5,engine_idling
7084,62566-5-0-4.wav,62566,2.0,6.0,1,5,5,engine_idling
7085,62566-5-0-5.wav,62566,2.5,6.5,1,5,5,engine_idling
7086,62566-5-0-6.wav,62566,3.0,7.0,1,5,5,engine_idling
7087,62566-5-0-7.wav,62566,3.5,7.5,1,5,5,engine_idling
7088,62566-5-1-0.wav,62566,27.517838,31.517838,1,5,5,engine_idling
7089,62566-5-1-1.wav,62566,28.017838,32.017838,1,5,5,engine_idling
7090,62566-5-2-0.wav,62566,37.971803,40.878287,1,5,5,engine_idling
7091,62567-5-0-0.wav,62567,0.0,4.0,1,9,5,engine_idling
7092,62567-5-0-1.wav,62567,0.5,4.5,1,9,5,engine_idling
7093,62567-5-0-10.wav,62567,5.0,9.0,1,9,5,engine_idling
7094,62567-5-0-2.wav,62567,1.0,5.0,1,9,5,engine_idling
7095,62567-5-0-3.wav,62567,1.5,5.5,1,9,5,engine_idling
7096,62567-5-0-4.wav,62567,2.0,6.0,1,9,5,engine_idling
7097,62567-5-0-5.wav,62567,2.5,6.5,1,9,5,engine_idling
7098,62567-5-0-6.wav,62567,3.0,7.0,1,9,5,engine_idling
7099,62567-5-0-7.wav,62567,3.5,7.5,1,9,5,engine_idling
7100,62567-5-0-8.wav,62567,4.0,8.0,1,9,5,engine_idling
7101,62567-5-0-9.wav,62567,4.5,8.5,1,9,5,engine_idling
7102,62567-5-1-0.wav,62567,42.316497,46.316497,1,9,5,engine_idling
7103,62567-5-1-1.wav,62567,42.816497,46.816497,1,9,5,engine_idling
7170,62878-8-0-0.wav,62878,0.0,4.0,1,7,8,siren
7171,62878-8-0-1.wav,62878,0.5,4.5,1,7,8,siren
7172,62878-8-0-2.wav,62878,1.0,5.0,1,7,8,siren
7220,64346-6-0-0.wav,64346,0.076806,1.5811979999999999,1,6,6,gun_shot
7230,65472-1-0-0.wav,65472,86.356413,87.241771,2,5,1,car_horn
7249,66115-1-0-0.wav,66115,16.711448,20.711448,2,10,1,car_horn
7250,66115-1-0-1.wav,66115,17.211448,21.211448,2,10,1,car_horn
7267,66601-8-0-0.wav,66601,71.06054300000001,75.06054300000001,2,9,8,siren
7268,66601-8-0-1.wav,66601,71.56054300000001,75.56054300000001,2,9,8,siren
7269,66601-8-0-2.wav,66601,72.06054300000001,76.06054300000001,2,9,8,siren
7270,66601-8-0-3.wav,66601,72.56054300000001,76.56054300000001,2,9,8,siren
7271,66601-8-0-4.wav,66601,73.06054300000001,77.06054300000001,2,9,8,siren
7272,66601-8-0-5.wav,66601,73.56054300000001,77.56054300000001,2,9,8,siren
7297,66996-8-1-0.wav,66996,26.12152,30.12152,2,2,8,siren
7298,66996-8-3-0.wav,66996,35.6242,39.6242,2,2,8,siren
7315,68657-1-0-0.wav,68657,0.10460799999999999,0.853333,2,6,1,car_horn
7347,6984-1-0-0.wav,6984,6.005781,6.444256,2,8,1,car_horn
7348,6988-5-0-0.wav,6988,0.0,4.0,1,3,5,engine_idling
7349,6988-5-0-1.wav,6988,0.5,4.5,1,3,5,engine_idling
7350,6988-5-0-2.wav,6988,1.0,5.0,1,3,5,engine_idling
7351,6988-5-0-3.wav,6988,1.5,5.5,1,3,5,engine_idling
7352,6988-5-0-4.wav,6988,2.0,6.0,1,3,5,engine_idling
7353,6988-5-0-5.wav,6988,2.5,6.5,1,3,5,engine_idling
7373,7060-6-0-0.wav,7060,0.9645520000000001,2.4055,1,7,6,gun_shot
7374,7060-6-1-0.wav,7060,3.487681,5.040375,1,7,6,gun_shot
7375,7060-6-2-0.wav,7060,5.869655000000001,7.4694,1,7,6,gun_shot
7376,7061-6-0-0.wav,7061,0.978088,3.231723,1,1,6,gun_shot
7377,7062-6-0-0.wav,7062,0.9787540000000001,2.345351,1,10,6,gun_shot
7378,7063-6-0-0.wav,7063,0.9715959999999999,2.737551,1,9,6,gun_shot
7379,7064-6-0-0.wav,7064,0.9485239999999999,2.3582560000000004,1,4,6,gun_shot
7380,7064-6-1-0.wav,7064,2.3582560000000004,3.5852459999999997,1,4,6,gun_shot
7381,7064-6-2-0.wav,7064,3.5852459999999997,4.760023,1,4,6,gun_shot
7382,7064-6-3-0.wav,7064,4.760023,5.952204,1,4,6,gun_shot
7383,7064-6-4-0.wav,7064,5.952204,7.283618,1,4,6,gun_shot
7384,7064-6-5-0.wav,7064,8.17993,10.12919,1,4,6,gun_shot
7385,7065-6-0-0.wav,7065,0.976582,3.999932,1,8,6,gun_shot
7386,7066-6-0-0.wav,7066,0.9727790000000001,1.7919619999999998,1,5,6,gun_shot
7387,7066-6-1-0.wav,7066,1.7919619999999998,4.957761,1,5,6,gun_shot
7388,7067-6-0-0.wav,7067,0.9692649999999999,3.698209,1,7,6,gun_shot
7389,7068-6-0-0.wav,7068,0.9713440000000001,3.160567,1,8,6,gun_shot
7390,70740-8-0-0.wav,70740,0.9024610000000001,1.8793279999999999,2,6,8,siren
7431,71177-8-0-0.wav,71177,4.0130349999999995,8.013035,2,8,8,siren
7432,71177-8-0-1.wav,71177,4.5130349999999995,8.513035,2,8,8,siren
7433,71177-8-1-0.wav,71177,11.857383,15.857382999999999,1,8,8,siren
7434,71177-8-1-1.wav,71177,12.357383,16.357383,1,8,8,siren
7435,71177-8-1-2.wav,71177,12.857383,16.857383,1,8,8,siren
7436,71177-8-1-3.wav,71177,13.357382999999999,17.357383,1,8,8,siren
7437,71177-8-1-4.wav,71177,13.857382999999999,17.857383,1,8,8,siren
7438,71177-8-2-0.wav,71177,24.471943,28.471943,2,8,8,siren
7439,71177-8-2-1.wav,71177,24.971943,28.971943,2,8,8,siren
7440,71309-1-0-0.wav,71309,0.406025,4.406025,2,8,1,car_horn
7441,71309-1-0-1.wav,71309,0.906025,4.906025,2,8,1,car_horn
7442,71309-1-0-2.wav,71309,1.406025,5.406025,2,8,1,car_horn
7443,71309-1-0-3.wav,71309,1.906025,5.906025,2,8,1,car_horn
7444,71309-1-0-4.wav,71309,2.406025,6.406025,2,8,1,car_horn
7445,71309-1-0-5.wav,71309,2.906025,6.906025,2,8,1,car_horn
7446,71309-1-0-6.wav,71309,3.406025,7.406025,2,8,1,car_horn
7447,71309-1-0-7.wav,71309,3.906025,7.906025,2,8,1,car_horn
7448,71309-1-0-8.wav,71309,4.406025,8.406025,2,8,1,car_horn
7449,71309-1-1-0.wav,71309,38.797915,39.249054,2,8,1,car_horn
7450,71309-1-2-0.wav,71309,45.51988,45.835677000000004,2,8,1,car_horn
7455,71439-1-0-0.wav,71439,0.760605,2.143523,1,5,1,car_horn
7456,71439-1-1-0.wav,71439,3.699306,3.906744,1,5,1,car_horn
7457,71439-1-2-0.wav,71439,55.904472,56.837942000000005,2,5,1,car_horn
7458,71439-1-3-0.wav,71439,58.255433,58.808601,2,5,1,car_horn
7493,72259-1-0-0.wav,72259,0.0,4.0,2,5,1,car_horn
7494,72259-1-0-1.wav,72259,0.5,4.5,2,5,1,car_horn
7495,72259-1-0-2.wav,72259,1.0,5.0,2,5,1,car_horn
7496,72259-1-0-3.wav,72259,1.5,5.5,2,5,1,car_horn
7497,72259-1-0-4.wav,72259,2.0,6.0,2,5,1,car_horn
7498,72259-1-0-5.wav,72259,2.5,6.5,2,5,1,car_horn
7499,72259-1-1-0.wav,72259,19.211964000000002,22.982537,2,5,1,car_horn
7500,72259-1-10-0.wav,72259,268.249294,272.249294,2,5,1,car_horn
7501,72259-1-10-1.wav,72259,268.749294,272.749294,2,5,1,car_horn
7502,72259-1-10-10.wav,72259,273.249294,277.249294,2,5,1,car_horn
7503,72259-1-10-11.wav,72259,273.749294,277.749294,2,5,1,car_horn
7504,72259-1-10-12.wav,72259,274.249294,278.249294,2,5,1,car_horn
7505,72259-1-10-13.wav,72259,274.749294,278.749294,2,5,1,car_horn
7506,72259-1-10-14.wav,72259,275.249294,279.249294,2,5,1,car_horn
7507,72259-1-10-2.wav,72259,269.249294,273.249294,2,5,1,car_horn
7508,72259-1-10-3.wav,72259,269.749294,273.749294,2,5,1,car_horn
7509,72259-1-10-4.wav,72259,270.249294,274.249294,2,5,1,car_horn
7510,72259-1-10-5.wav,72259,270.749294,274.749294,2,5,1,car_horn
7511,72259-1-10-6.wav,72259,271.249294,275.249294,2,5,1,car_horn
7512,72259-1-10-7.wav,72259,271.749294,275.749294,2,5,1,car_horn
7513,72259-1-10-8.wav,72259,272.249294,276.249294,2,5,1,car_horn
7514,72259-1-10-9.wav,72259,272.749294,276.749294,2,5,1,car_horn
7515,72259-1-2-0.wav,72259,44.887767,48.119686,2,5,1,car_horn
7516,72259-1-3-0.wav,72259,51.710707,55.66083100000001,2,5,1,car_horn
7517,72259-1-5-0.wav,72259,116.52864199999999,120.52864199999999,2,5,1,car_horn
7518,72259-1-5-1.wav,72259,117.02864199999999,121.02864199999999,2,5,1,car_horn
7519,72259-1-5-2.wav,72259,117.52864199999999,121.52864199999999,2,5,1,car_horn
7520,72259-1-5-3.wav,72259,118.02864199999999,122.02864199999999,2,5,1,car_horn
7521,72259-1-5-4.wav,72259,118.52864199999999,122.52864199999999,2,5,1,car_horn
7522,72259-1-6-0.wav,72259,132.867789,136.867789,2,5,1,car_horn
7523,72259-1-6-1.wav,72259,133.367789,137.367789,2,5,1,car_horn
7524,72259-1-7-0.wav,72259,143.281751,147.281751,2,5,1,car_horn
7525,72259-1-7-1.wav,72259,143.781751,147.781751,2,5,1,car_horn
7526,72259-1-7-10.wav,72259,148.281751,152.281751,2,5,1,car_horn
7527,72259-1-7-11.wav,72259,148.781751,152.781751,2,5,1,car_horn
7528,72259-1-7-12.wav,72259,149.281751,153.281751,2,5,1,car_horn
7529,72259-1-7-13.wav,72259,149.781751,153.781751,2,5,1,car_horn
7530,72259-1-7-14.wav,72259,150.281751,154.281751,2,5,1,car_horn
7531,72259-1-7-15.wav,72259,150.781751,154.781751,2,5,1,car_horn
7532,72259-1-7-16.wav,72259,151.281751,155.281751,2,5,1,car_horn
7533,72259-1-7-17.wav,72259,151.781751,155.781751,2,5,1,car_horn
7534,72259-1-7-18.wav,72259,152.281751,156.281751,2,5,1,car_horn
7535,72259-1-7-19.wav,72259,152.781751,156.781751,2,5,1,car_horn
7536,72259-1-7-2.wav,72259,144.281751,148.281751,2,5,1,car_horn
7537,72259-1-7-20.wav,72259,153.281751,157.281751,2,5,1,car_horn
7538,72259-1-7-21.wav,72259,153.781751,157.781751,2,5,1,car_horn
7539,72259-1-7-22.wav,72259,154.281751,158.281751,2,5,1,car_horn
7540,72259-1-7-3.wav,72259,144.781751,148.781751,2,5,1,car_horn
7541,72259-1-7-4.wav,72259,145.281751,149.281751,2,5,1,car_horn
7542,72259-1-7-5.wav,72259,145.781751,149.781751,2,5,1,car_horn
7543,72259-1-7-6.wav,72259,146.281751,150.281751,2,5,1,car_horn
7544,72259-1-7-7.wav,72259,146.781751,150.781751,2,5,1,car_horn
7545,72259-1-7-8.wav,72259,147.281751,151.281751,2,5,1,car_horn
7546,72259-1-7-9.wav,72259,147.781751,151.781751,2,5,1,car_horn
7547,72259-1-8-0.wav,72259,201.635848,205.585971,2,5,1,car_horn
7548,72259-1-9-0.wav,72259,224.43883300000002,228.43883300000002,2,5,1,car_horn
7549,72259-1-9-1.wav,72259,224.93883300000002,228.93883300000002,2,5,1,car_horn
7550,72259-1-9-10.wav,72259,229.43883300000002,233.43883300000002,2,5,1,car_horn
7551,72259-1-9-11.wav,72259,229.93883300000002,233.93883300000002,2,5,1,car_horn
7552,72259-1-9-12.wav,72259,230.43883300000002,234.43883300000002,2,5,1,car_horn
7553,72259-1-9-13.wav,72259,230.93883300000002,234.93883300000002,2,5,1,car_horn
7554,72259-1-9-14.wav,72259,231.43883300000002,235.43883300000002,2,5,1,car_horn
7555,72259-1-9-15.wav,72259,231.93883300000002,235.93883300000002,2,5,1,car_horn
7556,72259-1-9-16.wav,72259,232.43883300000002,236.43883300000002,2,5,1,car_horn
7557,72259-1-9-17.wav,72259,232.93883300000002,236.93883300000002,2,5,1,car_horn
7558,72259-1-9-2.wav,72259,225.43883300000002,229.43883300000002,2,5,1,car_horn
7559,72259-1-9-3.wav,72259,225.93883300000002,229.93883300000002,2,5,1,car_horn
7560,72259-1-9-4.wav,72259,226.43883300000002,230.43883300000002,2,5,1,car_horn
7561,72259-1-9-5.wav,72259,226.93883300000002,230.93883300000002,2,5,1,car_horn
7562,72259-1-9-6.wav,72259,227.43883300000002,231.43883300000002,2,5,1,car_horn
7563,72259-1-9-7.wav,72259,227.93883300000002,231.93883300000002,2,5,1,car_horn
7564,72259-1-9-8.wav,72259,228.43883300000002,232.43883300000002,2,5,1,car_horn
7565,72259-1-9-9.wav,72259,228.93883300000002,232.93883300000002,2,5,1,car_horn
7585,72567-1-0-0.wav,72567,0.0,4.0,2,2,1,car_horn
7586,72567-1-0-1.wav,72567,0.5,4.5,2,2,1,car_horn
7587,72567-1-1-0.wav,72567,12.731619,15.941728,2,2,1,car_horn
7588,72567-1-2-0.wav,72567,32.753993,36.753993,2,2,1,car_horn
7589,72567-1-2-1.wav,72567,33.253993,37.253993,2,2,1,car_horn
7590,72567-1-2-2.wav,72567,33.753993,37.753993,2,2,1,car_horn
7591,72567-1-2-3.wav,72567,34.253993,38.253993,2,2,1,car_horn
7592,72567-1-2-4.wav,72567,34.753993,38.753993,2,2,1,car_horn
7593,72567-1-2-5.wav,72567,35.253993,39.253993,2,2,1,car_horn
7594,72567-1-3-0.wav,72567,49.130990000000004,50.273571000000004,2,2,1,car_horn
7595,72567-1-4-0.wav,72567,54.68066999999999,58.68066999999999,2,2,1,car_horn
7596,72567-1-4-1.wav,72567,55.18066999999999,59.18066999999999,2,2,1,car_horn
7597,72567-1-4-2.wav,72567,55.68066999999999,59.68066999999999,2,2,1,car_horn
7598,72567-1-4-3.wav,72567,56.18066999999999,60.18066999999999,2,2,1,car_horn
7599,72567-1-4-4.wav,72567,56.68066999999999,60.68066999999999,2,2,1,car_horn
7600,72567-1-4-5.wav,72567,57.18066999999999,61.18066999999999,2,2,1,car_horn
7601,72567-1-4-6.wav,72567,57.68066999999999,61.68066999999999,2,2,1,car_horn
7602,72567-1-4-7.wav,72567,58.18066999999999,62.18066999999999,2,2,1,car_horn
7603,72567-1-5-0.wav,72567,77.64111,81.61294000000001,2,2,1,car_horn
7616,73168-1-0-0.wav,73168,0.067329,0.724461,1,9,1,car_horn
7617,73168-1-1-0.wav,73168,2.413075,3.452636,1,9,1,car_horn
7618,73168-1-2-0.wav,73168,3.670782,4.524515,1,9,1,car_horn
7663,7389-1-0-0.wav,7389,0.0,4.0,2,4,1,car_horn
7664,7389-1-0-1.wav,7389,0.5,4.5,2,4,1,car_horn
7665,7389-1-0-2.wav,7389,1.0,5.0,2,4,1,car_horn
7666,7389-1-0-3.wav,7389,1.5,5.5,2,4,1,car_horn
7667,7389-1-0-4.wav,7389,2.0,6.0,2,4,1,car_horn
7668,7389-1-0-5.wav,7389,2.5,6.5,2,4,1,car_horn
7669,7389-1-0-6.wav,7389,3.0,7.0,2,4,1,car_horn
7670,7389-1-0-7.wav,7389,3.5,7.5,2,4,1,car_horn
7671,7389-1-1-0.wav,7389,68.122848,72.027979,2,4,1,car_horn
7672,7389-1-2-0.wav,7389,78.753483,82.753483,2,4,1,car_horn
7673,7389-1-2-1.wav,7389,79.253483,83.253483,2,4,1,car_horn
7674,7389-1-2-2.wav,7389,79.753483,83.753483,2,4,1,car_horn
7675,7389-1-2-3.wav,7389,80.253483,84.253483,2,4,1,car_horn
7676,7389-1-3-0.wav,7389,96.109623,100.109623,2,4,1,car_horn
7677,7389-1-3-1.wav,7389,96.609623,100.609623,2,4,1,car_horn
7678,7389-1-3-2.wav,7389,97.109623,101.109623,2,4,1,car_horn
7679,7389-1-3-3.wav,7389,97.609623,101.609623,2,4,1,car_horn
7680,7389-1-3-4.wav,7389,98.109623,102.109623,2,4,1,car_horn
7681,7389-1-3-5.wav,7389,98.609623,102.609623,2,4,1,car_horn
7682,7389-1-4-0.wav,7389,160.76124199999998,164.76124199999998,2,4,1,car_horn
7683,7389-1-4-1.wav,7389,161.26124199999998,165.26124199999998,2,4,1,car_horn
7684,7389-1-4-10.wav,7389,165.76124199999998,169.76124199999998,2,4,1,car_horn
7685,7389-1-4-11.wav,7389,166.26124199999998,170.26124199999998,2,4,1,car_horn
7686,7389-1-4-12.wav,7389,166.76124199999998,170.76124199999998,2,4,1,car_horn
7687,7389-1-4-13.wav,7389,167.26124199999998,171.26124199999998,2,4,1,car_horn
7688,7389-1-4-14.wav,7389,167.76124199999998,171.76124199999998,2,4,1,car_horn
7689,7389-1-4-15.wav,7389,168.26124199999998,172.26124199999998,2,4,1,car_horn
7690,7389-1-4-2.wav,7389,161.76124199999998,165.76124199999998,2,4,1,car_horn
7691,7389-1-4-3.wav,7389,162.26124199999998,166.26124199999998,2,4,1,car_horn
7692,7389-1-4-4.wav,7389,162.76124199999998,166.76124199999998,2,4,1,car_horn
7693,7389-1-4-5.wav,7389,163.26124199999998,167.26124199999998,2,4,1,car_horn
7694,7389-1-4-6.wav,7389,163.76124199999998,167.76124199999998,2,4,1,car_horn
7695,7389-1-4-7.wav,7389,164.26124199999998,168.26124199999998,2,4,1,car_horn
7696,7389-1-4-8.wav,7389,164.76124199999998,168.76124199999998,2,4,1,car_horn
7697,7389-1-4-9.wav,7389,165.26124199999998,169.26124199999998,2,4,1,car_horn
7712,74364-8-1-0.wav,74364,139.03796,143.03796,2,10,8,siren
7713,74364-8-1-1.wav,74364,139.53796,143.53796,2,10,8,siren
7714,74364-8-1-10.wav,74364,144.03796,148.03796,2,10,8,siren
7715,74364-8-1-11.wav,74364,144.53796,148.53796,2,10,8,siren
7716,74364-8-1-12.wav,74364,145.03796,149.03796,2,10,8,siren
7717,74364-8-1-13.wav,74364,145.53796,149.53796,2,10,8,siren
7718,74364-8-1-14.wav,74364,146.03796,150.03796,2,10,8,siren
7719,74364-8-1-15.wav,74364,146.53796,150.53796,2,10,8,siren
7720,74364-8-1-16.wav,74364,147.03796,151.03796,2,10,8,siren
7721,74364-8-1-17.wav,74364,147.53796,151.53796,2,10,8,siren
7722,74364-8-1-18.wav,74364,148.03796,152.03796,2,10,8,siren
7723,74364-8-1-19.wav,74364,148.53796,152.53796,2,10,8,siren
7724,74364-8-1-2.wav,74364,140.03796,144.03796,2,10,8,siren
7725,74364-8-1-20.wav,74364,149.03796,153.03796,2,10,8,siren
7726,74364-8-1-21.wav,74364,149.53796,153.53796,2,10,8,siren
7727,74364-8-1-22.wav,74364,150.03796,154.03796,2,10,8,siren
7728,74364-8-1-23.wav,74364,150.53796,154.53796,2,10,8,siren
7729,74364-8-1-24.wav,74364,151.03796,155.03796,2,10,8,siren
7730,74364-8-1-25.wav,74364,151.53796,155.53796,2,10,8,siren
7731,74364-8-1-26.wav,74364,152.03796,156.03796,2,10,8,siren
7732,74364-8-1-27.wav,74364,152.53796,156.53796,2,10,8,siren
7733,74364-8-1-3.wav,74364,140.53796,144.53796,2,10,8,siren
7734,74364-8-1-4.wav,74364,141.03796,145.03796,2,10,8,siren
7735,74364-8-1-5.wav,74364,141.53796,145.53796,2,10,8,siren
7736,74364-8-1-6.wav,74364,142.03796,146.03796,2,10,8,siren
7737,74364-8-1-7.wav,74364,142.53796,146.53796,2,10,8,siren
7738,74364-8-1-8.wav,74364,143.03796,147.03796,2,10,8,siren
7739,74364-8-1-9.wav,74364,143.53796,147.53796,2,10,8,siren
7813,74726-8-0-0.wav,74726,0.5235609999999999,4.523561,2,6,8,siren
7814,74726-8-0-1.wav,74726,1.0235610000000002,5.023561,2,6,8,siren
7815,74726-8-0-10.wav,74726,5.523561,9.523561,2,6,8,siren
7816,74726-8-0-11.wav,74726,6.023561,10.023561,2,6,8,siren
7817,74726-8-0-12.wav,74726,6.523561,10.523561,2,6,8,siren
7818,74726-8-0-13.wav,74726,7.023561,11.023561,2,6,8,siren
7819,74726-8-0-14.wav,74726,7.523561,11.523561,2,6,8,siren
7820,74726-8-0-15.wav,74726,8.023561,12.023561,2,6,8,siren
7821,74726-8-0-16.wav,74726,8.523561,12.523561,2,6,8,siren
7822,74726-8-0-2.wav,74726,1.5235610000000002,5.523561,2,6,8,siren
7823,74726-8-0-3.wav,74726,2.023561,6.023561,2,6,8,siren
7824,74726-8-0-4.wav,74726,2.523561,6.523561,2,6,8,siren
7825,74726-8-0-5.wav,74726,3.023561,7.023561,2,6,8,siren
7826,74726-8-0-6.wav,74726,3.523561,7.523561,2,6,8,siren
7827,74726-8-0-7.wav,74726,4.023561,8.023561,2,6,8,siren
7828,74726-8-0-8.wav,74726,4.523561,8.523561,2,6,8,siren
7829,74726-8-0-9.wav,74726,5.023561,9.023561,2,6,8,siren
7830,74726-8-1-0.wav,74726,37.225165999999994,41.225165999999994,1,6,8,siren
7831,74726-8-1-1.wav,74726,37.725165999999994,41.725165999999994,1,6,8,siren
7832,74726-8-1-2.wav,74726,38.225165999999994,42.225165999999994,1,6,8,siren
7833,74726-8-2-0.wav,74726,46.858683,50.858683,2,6,8,siren
7834,74726-8-2-1.wav,74726,47.358683,51.358683,2,6,8,siren
7835,74726-8-2-2.wav,74726,47.858683,51.858683,2,6,8,siren
7836,74726-8-2-3.wav,74726,48.358683,52.358683,2,6,8,siren
7837,74726-8-2-4.wav,74726,48.858683,52.858683,2,6,8,siren
7838,74726-8-2-5.wav,74726,49.358683,53.358683,2,6,8,siren
7868,75490-8-0-0.wav,75490,0.0,4.0,1,6,8,siren
7869,75490-8-0-1.wav,75490,0.5,4.5,1,6,8,siren
7870,75490-8-0-2.wav,75490,1.0,5.0,1,6,8,siren
7871,75490-8-1-0.wav,75490,9.204014,13.204014,2,6,8,siren
7872,75490-8-1-1.wav,75490,9.704014,13.704014,2,6,8,siren
7934,76089-6-0-0.wav,76089,0.433166,1.013356,1,2,6,gun_shot
7935,76090-6-0-0.wav,76090,1.331177,1.8096290000000002,1,2,6,gun_shot
7936,76090-6-1-0.wav,76090,2.1009439999999997,2.473288,1,2,6,gun_shot
7937,76091-6-0-0.wav,76091,1.30469,1.714005,1,2,6,gun_shot
7938,76091-6-1-0.wav,76091,2.2554939999999997,2.673336,1,2,6,gun_shot
7939,76091-6-2-0.wav,76091,3.1252869999999997,3.321417,1,2,6,gun_shot
7940,76091-6-3-0.wav,76091,3.67104,3.850115,1,2,6,gun_shot
7941,76091-6-4-0.wav,76091,4.212529,4.378813,1,2,6,gun_shot
7942,76091-6-5-0.wav,76091,4.485405,5.099377,1,2,6,gun_shot
7943,76093-6-0-0.wav,76093,3.2671,4.13887,1,1,6,gun_shot
7944,76093-6-1-0.wav,76093,4.586976,5.222472,1,1,6,gun_shot
7945,76094-6-0-0.wav,76094,0.978498,1.888797,1,3,6,gun_shot
7946,76094-6-1-0.wav,76094,2.763515,3.801315,1,3,6,gun_shot
7984,77246-6-0-0.wav,77246,2.3298360000000002,3.6573010000000004,1,1,6,gun_shot
7985,77247-6-0-0.wav,77247,2.8020080000000003,3.454014,1,5,6,gun_shot
7986,77509-1-0-0.wav,77509,2.9673439999999998,3.5573080000000004,2,5,1,car_horn
8082,78651-5-0-0.wav,78651,0.0,4.0,1,6,5,engine_idling
8083,78651-5-0-1.wav,78651,0.5,4.5,1,6,5,engine_idling
8084,78651-5-0-10.wav,78651,5.0,9.0,1,6,5,engine_idling
8085,78651-5-0-11.wav,78651,5.5,9.5,1,6,5,engine_idling
8086,78651-5-0-12.wav,78651,6.0,10.0,1,6,5,engine_idling
8087,78651-5-0-13.wav,78651,6.5,10.5,1,6,5,engine_idling
8088,78651-5-0-14.wav,78651,7.0,11.0,1,6,5,engine_idling
8089,78651-5-0-15.wav,78651,7.5,11.5,1,6,5,engine_idling
8090,78651-5-0-16.wav,78651,8.0,12.0,1,6,5,engine_idling
8091,78651-5-0-17.wav,78651,8.5,12.5,1,6,5,engine_idling
8092,78651-5-0-2.wav,78651,1.0,5.0,1,6,5,engine_idling
8093,78651-5-0-3.wav,78651,1.5,5.5,1,6,5,engine_idling
8094,78651-5-0-4.wav,78651,2.0,6.0,1,6,5,engine_idling
8095,78651-5-0-5.wav,78651,2.5,6.5,1,6,5,engine_idling
8096,78651-5-0-6.wav,78651,3.0,7.0,1,6,5,engine_idling
8097,78651-5-0-7.wav,78651,3.5,7.5,1,6,5,engine_idling
8098,78651-5-0-8.wav,78651,4.0,8.0,1,6,5,engine_idling
8099,78651-5-0-9.wav,78651,4.5,8.5,1,6,5,engine_idling
8100,78776-6-0-0.wav,78776,0.094899,2.613121,1,3,6,gun_shot
8160,81068-5-0-0.wav,81068,1.732922,5.732922,1,4,5,engine_idling
8161,81068-5-0-1.wav,81068,2.2329220000000003,6.232922,1,4,5,engine_idling
8162,81068-5-0-2.wav,81068,2.7329220000000003,6.732922,1,4,5,engine_idling
8163,81068-5-0-3.wav,81068,3.2329220000000003,7.232922,1,4,5,engine_idling
8164,81068-5-0-4.wav,81068,3.7329220000000003,7.732922,1,4,5,engine_idling
8165,81068-5-0-5.wav,81068,4.232922,8.232922,1,4,5,engine_idling
8166,81068-5-1-0.wav,81068,31.59817,35.59817,1,4,5,engine_idling
8167,81068-5-2-0.wav,81068,40.778969000000004,43.470528,1,4,5,engine_idling
8204,82317-1-0-0.wav,82317,10.968053,14.968053,2,6,1,car_horn
8236,83465-1-0-0.wav,83465,1.334117,1.859058,1,8,1,car_horn
8237,83488-1-0-0.wav,83488,2.859771,3.4407699999999997,1,7,1,car_horn
8238,83488-1-1-0.wav,83488,3.788674,4.073956,1,7,1,car_horn
8253,83680-5-0-0.wav,83680,0.0,4.0,1,6,5,engine_idling
8254,83680-5-0-1.wav,83680,0.5,4.5,1,6,5,engine_idling
8255,83680-5-0-2.wav,83680,1.0,5.0,1,6,5,engine_idling
8256,83680-5-0-3.wav,83680,1.5,5.5,1,6,5,engine_idling
8271,84254-6-0-0.wav,84254,0.31404099999999996,1.3693879999999998,1,5,6,gun_shot
8321,86278-6-0-0.wav,86278,0.24292399999999997,1.384127,1,1,6,gun_shot
8325,87275-1-0-0.wav,87275,1.337496,1.482876,2,1,1,car_horn
8326,87275-1-1-0.wav,87275,1.613718,1.668236,2,1,1,car_horn
8327,87275-1-2-0.wav,87275,1.817251,1.871768,2,1,1,car_horn
8328,87275-1-3-0.wav,87275,2.2025080000000004,2.264294,2,1,1,car_horn
8329,87275-1-4-0.wav,87275,2.4096740000000003,2.47873,2,1,1,car_horn
8330,87275-1-5-0.wav,87275,2.645917,2.754952,2,1,1,car_horn
8331,87562-6-0-0.wav,87562,0.0,3.044845,1,9,6,gun_shot
8332,88121-8-0-0.wav,88121,0.0,4.0,2,10,8,siren
8333,88121-8-0-1.wav,88121,0.5,4.5,2,10,8,siren
8334,88121-8-0-2.wav,88121,1.0,5.0,2,10,8,siren
8335,88121-8-0-3.wav,88121,1.5,5.5,2,10,8,siren
8336,88121-8-1-0.wav,88121,10.767184,11.870933,2,10,8,siren
8337,88121-8-2-0.wav,88121,12.411545,14.36,2,10,8,siren
8367,89679-1-0-0.wav,89679,20.28993,21.585583,2,7,1,car_horn
8368,89679-1-1-0.wav,89679,22.362975,23.114454000000002,2,7,1,car_horn
8369,89724-5-0-0.wav,89724,5.2212760000000005,9.221276,1,5,5,engine_idling
8370,89724-5-0-1.wav,89724,5.7212760000000005,9.721276,1,5,5,engine_idling
8371,89724-5-0-2.wav,89724,6.2212760000000005,10.221276,1,5,5,engine_idling
8372,89724-5-0-3.wav,89724,6.721276,10.721276,1,5,5,engine_idling
8373,89724-5-0-4.wav,89724,7.221276,11.221276,1,5,5,engine_idling
8374,89724-5-0-5.wav,89724,7.721276,11.721276,1,5,5,engine_idling
8375,89948-5-0-0.wav,89948,6.6757610000000005,10.675761,1,1,5,engine_idling
8390,90014-8-0-0.wav,90014,0.0,4.0,1,3,8,siren
8391,90014-8-0-1.wav,90014,0.5,4.5,1,3,8,siren
8392,90014-8-0-2.wav,90014,1.0,5.0,1,3,8,siren
8393,90014-8-0-3.wav,90014,1.5,5.5,1,3,8,siren
8394,90014-8-0-4.wav,90014,2.0,6.0,1,3,8,siren
8395,90014-8-0-5.wav,90014,2.5,6.5,1,3,8,siren
8396,90014-8-0-6.wav,90014,3.0,7.0,1,3,8,siren
8404,90846-8-0-0.wav,90846,0.38256999999999997,1.702854,2,3,8,siren
8405,91209-5-0-0.wav,91209,0.744608,4.744608,1,8,5,engine_idling
8406,91209-5-0-1.wav,91209,1.244608,5.244608,1,8,5,engine_idling
8407,91209-5-0-2.wav,91209,1.7446080000000002,5.744608,1,8,5,engine_idling
8408,91209-5-1-0.wav,91209,15.012255,19.012255,1,8,5,engine_idling
8409,91209-5-1-1.wav,91209,15.512255,19.512255,1,8,5,engine_idling
8410,91209-5-1-2.wav,91209,16.012255,20.012255,1,8,5,engine_idling
8411,91209-5-1-3.wav,91209,16.512255,20.512255,1,8,5,engine_idling
8412,91209-5-1-4.wav,91209,17.012255,21.012255,1,8,5,engine_idling
8413,91209-5-1-5.wav,91209,17.512255,21.512255,1,8,5,engine_idling
8414,91396-8-0-0.wav,91396,121.591247,125.591247,2,2,8,siren
8415,91396-8-0-1.wav,91396,122.091247,126.091247,2,2,8,siren
8416,91396-8-0-2.wav,91396,122.591247,126.591247,2,2,8,siren
8417,91396-8-0-3.wav,91396,123.091247,127.091247,2,2,8,siren
8418,91533-5-0-0.wav,91533,0.0,4.0,1,5,5,engine_idling
8419,91533-5-0-1.wav,91533,0.5,4.5,1,5,5,engine_idling
8420,91533-5-0-2.wav,91533,1.0,5.0,1,5,5,engine_idling
8421,91533-5-0-3.wav,91533,1.5,5.5,1,5,5,engine_idling
8435,93139-6-0-0.wav,93139,1.091134,2.538287,1,5,6,gun_shot
8442,93567-8-0-0.wav,93567,4.044365,8.044364999999999,2,10,8,siren
8443,93567-8-0-1.wav,93567,4.544365,8.544364999999999,2,10,8,siren
8444,93567-8-0-10.wav,93567,9.044364999999999,13.044364999999999,2,10,8,siren
8445,93567-8-0-11.wav,93567,9.544364999999999,13.544364999999999,2,10,8,siren
8446,93567-8-0-12.wav,93567,10.044364999999999,14.044364999999999,2,10,8,siren
8447,93567-8-0-13.wav,93567,10.544364999999999,14.544364999999999,2,10,8,siren
8448,93567-8-0-14.wav,93567,11.044364999999999,15.044364999999999,2,10,8,siren
8449,93567-8-0-15.wav,93567,11.544364999999999,15.544364999999999,2,10,8,siren
8450,93567-8-0-16.wav,93567,12.044364999999999,16.044365,2,10,8,siren
8451,93567-8-0-17.wav,93567,12.544364999999999,16.544365,2,10,8,siren
8452,93567-8-0-18.wav,93567,13.044364999999999,17.044365,2,10,8,siren
8453,93567-8-0-19.wav,93567,13.544364999999999,17.544365,2,10,8,siren
8454,93567-8-0-2.wav,93567,5.044365,9.044364999999999,2,10,8,siren
8455,93567-8-0-3.wav,93567,5.544365,9.544364999999999,2,10,8,siren
8456,93567-8-0-4.wav,93567,6.044365,10.044364999999999,2,10,8,siren
8457,93567-8-0-5.wav,93567,6.544365,10.544364999999999,2,10,8,siren
8458,93567-8-0-6.wav,93567,7.044364999999999,11.044364999999999,2,10,8,siren
8459,93567-8-0-7.wav,93567,7.544364999999999,11.544364999999999,2,10,8,siren
8460,93567-8-0-8.wav,93567,8.044364999999999,12.044364999999999,2,10,8,siren
8461,93567-8-0-9.wav,93567,8.544364999999999,12.544364999999999,2,10,8,siren
8462,94020-8-0-0.wav,94020,72.662085,74.89098299999999,2,4,8,siren
8463,94020-8-1-0.wav,94020,74.89098299999999,78.89098299999999,1,4,8,siren
8471,94401-1-0-0.wav,94401,106.73752900000001,107.836173,1,2,1,car_horn
8478,94632-5-0-0.wav,94632,23.604670000000002,27.604670000000002,2,6,5,engine_idling
8479,94632-5-0-10.wav,94632,28.604670000000002,32.60467,2,6,5,engine_idling
8480,94632-5-0-13.wav,94632,30.104670000000002,34.10467,2,6,5,engine_idling
8481,94632-5-0-14.wav,94632,30.604670000000002,34.60467,2,6,5,engine_idling
8482,94632-5-0-15.wav,94632,31.104670000000002,35.10467,2,6,5,engine_idling
8483,94632-5-0-2.wav,94632,24.604670000000002,28.604670000000002,2,6,5,engine_idling
8484,94632-5-0-21.wav,94632,34.10467,38.10467,2,6,5,engine_idling
8485,94632-5-0-22.wav,94632,34.60467,38.60467,2,6,5,engine_idling
8486,94632-5-0-25.wav,94632,36.10467,40.10467,2,6,5,engine_idling
8487,94632-5-0-27.wav,94632,37.10467,41.10467,2,6,5,engine_idling
8488,94632-5-0-28.wav,94632,37.60467,41.60467,2,6,5,engine_idling
8489,94632-5-0-29.wav,94632,38.10467,42.10467,2,6,5,engine_idling
8490,94632-5-0-31.wav,94632,39.10467,43.10467,2,6,5,engine_idling
8491,94632-5-0-33.wav,94632,40.10467,44.10467,2,6,5,engine_idling
8492,94632-5-0-34.wav,94632,40.60467,44.60467,2,6,5,engine_idling
8493,94632-5-0-6.wav,94632,26.604670000000002,30.604670000000002,2,6,5,engine_idling
8494,94632-5-0-8.wav,94632,27.604670000000002,31.604670000000002,2,6,5,engine_idling
8495,94632-5-0-9.wav,94632,28.104670000000002,32.10467,2,6,5,engine_idling
8496,94632-5-1-11.wav,94632,122.21198000000001,126.21198000000001,2,6,5,engine_idling
8497,94632-5-1-13.wav,94632,123.21198000000001,127.21198000000001,2,6,5,engine_idling
8498,94632-5-1-14.wav,94632,123.71198000000001,127.71198000000001,2,6,5,engine_idling
8499,94632-5-1-17.wav,94632,125.21198000000001,129.21198,2,6,5,engine_idling
8500,94632-5-1-18.wav,94632,125.71198000000001,129.71198,2,6,5,engine_idling
8501,94632-5-1-19.wav,94632,126.21198000000001,130.21198,2,6,5,engine_idling
8502,94632-5-1-2.wav,94632,117.71198000000001,121.71198000000001,2,6,5,engine_idling
8503,94632-5-1-23.wav,94632,128.21198,132.21198,2,6,5,engine_idling
8504,94632-5-1-26.wav,94632,129.71198,133.71198,2,6,5,engine_idling
8505,94632-5-1-28.wav,94632,130.71198,134.71198,2,6,5,engine_idling
8506,94632-5-1-30.wav,94632,131.71198,135.71198,2,6,5,engine_idling
8507,94632-5-1-7.wav,94632,120.21198000000001,124.21198000000001,2,6,5,engine_idling
8508,94632-5-1-9.wav,94632,121.21198000000001,125.21198000000001,2,6,5,engine_idling
8509,94636-8-0-0.wav,94636,0.0,4.0,2,3,8,siren
8510,94636-8-0-1.wav,94636,0.5,4.5,2,3,8,siren
8511,94636-8-0-10.wav,94636,5.0,9.0,2,3,8,siren
8512,94636-8-0-11.wav,94636,5.5,9.5,2,3,8,siren
8513,94636-8-0-12.wav,94636,6.0,10.0,2,3,8,siren
8514,94636-8-0-13.wav,94636,6.5,10.5,2,3,8,siren
8515,94636-8-0-14.wav,94636,7.0,11.0,2,3,8,siren
8516,94636-8-0-15.wav,94636,7.5,11.5,2,3,8,siren
8517,94636-8-0-16.wav,94636,8.0,12.0,2,3,8,siren
8518,94636-8-0-17.wav,94636,8.5,12.5,2,3,8,siren
8519,94636-8-0-18.wav,94636,9.0,13.0,2,3,8,siren
8520,94636-8-0-19.wav,94636,9.5,13.5,2,3,8,siren
8521,94636-8-0-2.wav,94636,1.0,5.0,2,3,8,siren
8522,94636-8-0-20.wav,94636,10.0,14.0,2,3,8,siren
8523,94636-8-0-21.wav,94636,10.5,14.5,2,3,8,siren
8524,94636-8-0-3.wav,94636,1.5,5.5,2,3,8,siren
8525,94636-8-0-4.wav,94636,2.0,6.0,2,3,8,siren
8526,94636-8-0-5.wav,94636,2.5,6.5,2,3,8,siren
8527,94636-8-0-6.wav,94636,3.0,7.0,2,3,8,siren
8528,94636-8-0-7.wav,94636,3.5,7.5,2,3,8,siren
8529,94636-8-0-8.wav,94636,4.0,8.0,2,3,8,siren
8530,94636-8-0-9.wav,94636,4.5,8.5,2,3,8,siren
8531,94710-5-0-0.wav,94710,0.0,4.0,1,2,5,engine_idling
8532,94710-5-0-1.wav,94710,0.5,4.5,1,2,5,engine_idling
8533,94710-5-0-2.wav,94710,1.0,5.0,1,2,5,engine_idling
8534,94710-5-0-3.wav,94710,1.5,5.5,1,2,5,engine_idling
8535,94710-5-1-0.wav,94710,23.239672,25.325283,1,2,5,engine_idling
8536,94868-1-0-0.wav,94868,0.179042,0.530411,1,1,1,car_horn
8537,94868-1-1-0.wav,94868,1.076489,1.468143,1,1,1,car_horn
8538,94868-1-2-0.wav,94868,2.381256,2.75053,1,1,1,car_horn
8539,95077-5-0-0.wav,95077,0.0,3.137255,1,3,5,engine_idling
8573,96657-8-0-0.wav,96657,122.337051,126.337051,2,8,8,siren
8574,96657-8-0-1.wav,96657,122.837051,126.837051,2,8,8,siren
8575,96657-8-0-2.wav,96657,123.337051,127.337051,2,8,8,siren
8576,96657-8-0-3.wav,96657,123.837051,127.837051,2,8,8,siren
8577,9674-1-0-0.wav,9674,1.062597,5.062597,1,3,1,car_horn
8578,9674-1-0-1.wav,9674,1.562597,5.562597,1,3,1,car_horn
8579,9674-1-0-2.wav,9674,2.0625970000000002,6.062597,1,3,1,car_horn
8642,98525-8-0-0.wav,98525,0.0,4.0,1,7,8,siren
8643,98536-8-0-0.wav,98536,0.0,1.358367,1,8,8,siren
8723,99812-1-0-0.wav,99812,38.176254,42.176254,2,7,1,car_horn
8724,99812-1-0-1.wav,99812,38.676254,42.676254,2,7,1,car_horn
8725,99812-1-0-2.wav,99812,39.176254,43.176254,2,7,1,car_horn
8726,99812-1-1-0.wav,99812,89.207778,93.207778,2,7,1,car_horn
8727,99812-1-2-0.wav,99812,159.522205,163.522205,2,7,1,car_horn
8728,99812-1-3-0.wav,99812,181.14243100000002,183.284976,2,7,1,car_horn
8729,99812-1-4-0.wav,99812,242.691902,246.197885,2,7,1,car_horn
8730,99812-1-5-0.wav,99812,253.20985,255.741948,2,7,1,car_horn
8731,99812-1-6-0.wav,99812,332.289233,334.821332,2,7,1,car_horn
